ticker,time,open,high,low,close,volume
PVT,2017-01-03,5.32,5.5,5.28,5.5,404180
PVT,2017-01-04,5.37,5.57,5.37,5.46,276790
PVT,2017-01-05,5.53,5.53,5.41,5.41,133330
PVT,2017-01-06,5.46,5.5,5.39,5.39,255850
PVT,2017-01-09,5.37,5.46,5.37,5.41,194080
PVT,2017-01-10,5.41,5.46,5.34,5.34,250490
PVT,2017-01-11,5.34,5.44,5.3,5.37,300330
PVT,2017-01-12,5.41,5.46,5.37,5.46,208740
PVT,2017-01-13,5.41,5.5,5.39,5.46,321070
PVT,2017-01-16,5.48,5.5,5.41,5.48,379140
PVT,2017-01-17,5.44,5.5,5.44,5.5,259800
PVT,2017-01-18,5.46,5.5,5.41,5.48,205860
PVT,2017-01-19,5.48,5.48,5.39,5.39,169140
PVT,2017-01-20,5.44,5.46,5.39,5.41,123540
PVT,2017-01-23,5.41,5.46,5.39,5.39,175740
PVT,2017-01-24,5.37,5.53,5.37,5.5,215180
PVT,2017-01-25,5.5,5.53,5.44,5.5,149460
PVT,2017-02-02,5.5,5.69,5.5,5.64,451030
PVT,2017-02-03,5.69,5.69,5.55,5.69,427910
PVT,2017-02-06,5.69,5.73,5.64,5.66,755880
PVT,2017-02-07,5.66,5.69,5.62,5.69,541450
PVT,2017-02-08,5.69,5.82,5.69,5.73,661840
PVT,2017-02-09,5.78,5.91,5.73,5.91,764890
PVT,2017-02-10,5.91,5.94,5.87,5.87,487130
PVT,2017-02-13,5.91,6.1,5.87,6.1,1130150
PVT,2017-02-14,6.05,6.07,5.91,6.03,812680
PVT,2017-02-15,6.03,6.12,5.96,6.12,674620
PVT,2017-02-16,6.16,6.16,5.98,6.0,684830
PVT,2017-02-17,6.03,6.07,5.96,6.07,426760
PVT,2017-02-20,6.03,6.12,6.0,6.1,554150
PVT,2017-02-21,6.12,6.16,6.05,6.05,668250
PVT,2017-02-22,6.1,6.14,6.03,6.1,800020
PVT,2017-02-23,6.05,6.05,5.91,6.0,801770
PVT,2017-02-24,5.94,6.0,5.87,5.87,386700
PVT,2017-02-27,5.84,5.87,5.69,5.78,624680
PVT,2017-02-28,5.78,5.78,5.59,5.59,587810
PVT,2017-03-01,5.69,5.69,5.59,5.59,511860
PVT,2017-03-02,5.69,5.71,5.59,5.71,545370
PVT,2017-03-03,5.66,5.96,5.66,5.89,647220
PVT,2017-03-06,5.82,5.91,5.8,5.82,503780
PVT,2017-03-07,5.87,5.96,5.82,5.89,862290
PVT,2017-03-08,5.87,6.0,5.84,5.91,490160
PVT,2017-03-09,5.89,5.91,5.84,5.89,302890
PVT,2017-03-10,5.82,5.87,5.71,5.78,743820
PVT,2017-03-13,5.69,5.82,5.69,5.82,458060
PVT,2017-03-14,5.82,5.89,5.75,5.84,271390
PVT,2017-03-15,5.8,5.89,5.8,5.89,277160
PVT,2017-03-16,5.89,6.03,5.89,6.03,1367930
PVT,2017-03-17,6.05,6.07,5.91,5.91,4782370
PVT,2017-03-20,6.07,6.1,5.91,5.94,942710
PVT,2017-03-21,5.96,5.96,5.84,5.87,875690
PVT,2017-03-22,5.84,5.84,5.75,5.82,1132230
PVT,2017-03-23,5.82,5.82,5.75,5.78,570580
PVT,2017-03-24,5.78,5.82,5.69,5.73,875270
PVT,2017-03-27,5.71,5.78,5.71,5.75,700110
PVT,2017-03-28,5.73,5.78,5.69,5.69,375910
PVT,2017-03-29,5.69,5.73,5.64,5.73,568000
PVT,2017-03-30,5.73,5.91,5.73,5.91,843060
PVT,2017-03-31,5.91,5.94,5.8,5.82,393040
PVT,2017-04-03,5.82,5.87,5.78,5.78,246390
PVT,2017-04-04,5.8,5.98,5.73,5.94,1085500
PVT,2017-04-05,5.91,5.96,5.84,5.84,728700
PVT,2017-04-07,5.89,5.96,5.8,5.94,1061990
PVT,2017-04-10,5.96,6.1,5.94,6.05,1499970
PVT,2017-04-11,6.1,6.1,6.0,6.03,1110530
PVT,2017-04-12,6.0,6.07,5.96,6.05,1130990
PVT,2017-04-13,5.98,6.28,5.98,6.19,1635660
PVT,2017-04-14,6.14,6.14,5.91,5.96,826500
PVT,2017-04-17,5.96,6.05,5.84,5.84,557600
PVT,2017-04-18,5.84,6.03,5.73,6.0,1119100
PVT,2017-04-19,5.91,6.0,5.91,5.96,175430
PVT,2017-04-20,5.87,5.96,5.84,5.84,271870
PVT,2017-04-21,5.84,5.91,5.78,5.78,469280
PVT,2017-04-24,5.78,5.82,5.75,5.78,400080
PVT,2017-04-25,5.75,5.87,5.75,5.82,315840
PVT,2017-04-26,5.82,5.87,5.82,5.82,326250
PVT,2017-04-27,5.87,5.94,5.84,5.89,325750
PVT,2017-04-28,5.84,5.89,5.75,5.78,749280
PVT,2017-05-03,5.78,5.84,5.75,5.82,387440
PVT,2017-05-04,5.82,5.84,5.69,5.75,562420
PVT,2017-05-05,5.71,5.78,5.69,5.78,298600
PVT,2017-05-08,5.78,5.78,5.69,5.69,522640
PVT,2017-05-09,5.82,5.87,5.73,5.84,780350
PVT,2017-05-10,5.82,5.87,5.78,5.84,509470
PVT,2017-05-11,5.8,5.87,5.8,5.84,408460
PVT,2017-05-12,5.82,6.0,5.82,5.96,986140
PVT,2017-05-15,5.98,6.03,5.91,6.0,810380
PVT,2017-05-16,6.05,6.1,5.96,5.96,849870
PVT,2017-05-17,5.89,5.96,5.87,5.94,292510
PVT,2017-05-18,6.0,6.07,5.96,5.96,811250
PVT,2017-05-19,5.96,5.98,5.91,5.91,674520
PVT,2017-05-22,6.0,6.05,5.94,6.03,890300
PVT,2017-05-23,6.1,6.44,6.1,6.35,2442100
PVT,2017-05-24,6.41,6.46,6.25,6.32,886760
PVT,2017-05-25,6.37,6.37,6.28,6.37,552320
PVT,2017-05-26,6.3,6.39,6.21,6.23,877710
PVT,2017-05-29,6.28,6.55,6.19,6.48,2255170
PVT,2017-05-30,6.56,6.56,6.41,6.43,1407830
PVT,2017-05-31,6.51,6.7,6.34,6.56,776180
PVT,2017-06-01,6.6,6.6,6.41,6.56,474050
PVT,2017-06-02,6.51,6.51,6.34,6.48,383620
PVT,2017-06-05,6.48,6.48,6.29,6.31,318720
PVT,2017-06-06,6.31,6.48,6.26,6.43,857960
PVT,2017-06-07,6.41,6.43,6.31,6.38,443680
PVT,2017-06-08,6.34,6.48,6.31,6.46,680910
PVT,2017-06-09,6.46,6.48,6.41,6.43,279800
PVT,2017-06-12,6.43,6.48,6.41,6.48,489970
PVT,2017-06-13,6.48,6.53,6.41,6.53,578590
PVT,2017-06-14,6.56,6.73,6.51,6.73,1288030
PVT,2017-06-15,6.6,6.87,6.6,6.82,1177900
PVT,2017-06-16,6.78,6.85,6.7,6.85,375910
PVT,2017-06-19,6.85,6.87,6.75,6.85,468470
PVT,2017-06-20,6.7,6.85,6.7,6.85,429500
PVT,2017-06-21,6.75,6.92,6.7,6.92,828190
PVT,2017-06-22,6.92,7.09,6.85,7.02,492570
PVT,2017-06-23,6.97,7.09,6.9,7.07,255820
PVT,2017-06-26,7.04,7.26,6.95,7.17,854390
PVT,2017-06-27,7.17,7.26,7.09,7.22,1649000
PVT,2017-06-28,7.29,7.34,7.17,7.29,1104130
PVT,2017-06-29,7.34,7.34,7.19,7.26,413690
PVT,2017-06-30,7.22,7.31,7.22,7.31,324020
PVT,2017-07-03,7.31,7.34,7.09,7.17,614490
PVT,2017-07-04,7.14,7.19,7.02,7.12,312760
PVT,2017-07-05,7.04,7.14,7.04,7.14,310720
PVT,2017-07-06,7.04,7.19,6.95,7.09,297880
PVT,2017-07-07,7.14,7.14,7.04,7.12,285620
PVT,2017-07-10,7.14,7.14,6.92,7.04,241050
PVT,2017-07-11,7.09,7.34,6.95,7.34,654020
PVT,2017-07-12,7.26,7.41,7.14,7.34,403260
PVT,2017-07-13,7.34,7.39,7.29,7.39,190680
PVT,2017-07-14,7.39,7.39,7.24,7.39,341360
PVT,2017-07-17,7.29,7.39,7.24,7.34,467670
PVT,2017-07-18,7.24,7.34,7.04,7.24,373590
PVT,2017-07-19,7.14,7.24,7.09,7.22,344880
PVT,2017-07-20,7.24,7.24,7.0,7.09,418210
PVT,2017-07-21,7.09,7.09,6.85,7.07,375820
PVT,2017-07-24,7.07,7.09,7.04,7.09,267290
PVT,2017-07-25,7.09,7.12,7.04,7.09,298230
PVT,2017-07-26,7.09,7.31,7.09,7.26,431350
PVT,2017-07-27,7.26,7.44,7.14,7.31,630310
PVT,2017-07-28,7.24,7.29,7.0,7.29,847170
PVT,2017-07-31,7.29,7.29,7.02,7.24,622620
PVT,2017-08-01,7.09,7.24,7.04,7.04,648430
PVT,2017-08-02,6.9,7.19,6.9,7.09,182410
PVT,2017-08-03,7.09,7.09,7.02,7.09,141880
PVT,2017-08-04,7.04,7.14,7.02,7.09,364330
PVT,2017-08-07,7.04,7.17,7.0,7.09,219620
PVT,2017-08-08,7.07,7.09,7.04,7.07,308740
PVT,2017-08-09,7.0,7.07,6.8,6.95,445990
PVT,2017-08-10,6.9,6.95,6.85,6.92,199830
PVT,2017-08-11,6.9,6.95,6.73,6.73,461160
PVT,2017-08-14,6.73,6.87,6.73,6.85,291930
PVT,2017-08-15,6.87,6.87,6.8,6.85,206610
PVT,2017-08-16,6.87,6.9,6.75,6.9,218870
PVT,2017-08-17,6.78,6.95,6.78,6.9,170960
PVT,2017-08-18,6.87,6.9,6.82,6.9,104960
PVT,2017-08-21,6.9,6.95,6.85,6.9,19410
PVT,2017-08-22,6.85,6.9,6.85,6.87,153690
PVT,2017-08-23,6.85,7.04,6.82,6.87,213860
PVT,2017-08-24,6.95,6.95,6.78,6.78,163130
PVT,2017-08-25,6.85,6.9,6.8,6.9,132890
PVT,2017-08-28,6.95,6.95,6.85,6.85,78820
PVT,2017-08-29,6.85,6.9,6.8,6.9,112040
PVT,2017-08-30,6.92,7.14,6.87,7.14,356210
PVT,2017-08-31,7.14,7.14,7.02,7.12,711830
PVT,2017-09-01,7.19,7.19,7.09,7.12,165640
PVT,2017-09-05,7.09,7.61,7.09,7.34,799800
PVT,2017-09-06,7.53,7.53,7.26,7.34,88890
PVT,2017-09-07,7.24,7.34,7.19,7.29,233670
PVT,2017-09-08,7.19,7.29,7.12,7.29,200510
PVT,2017-09-11,7.29,7.29,7.07,7.07,120350
PVT,2017-09-12,7.14,7.29,7.14,7.22,431260
PVT,2017-09-13,7.19,7.41,7.14,7.41,525550
PVT,2017-09-14,7.44,7.44,7.29,7.41,384210
PVT,2017-09-15,7.46,7.46,7.34,7.44,307510
PVT,2017-09-18,7.41,7.51,7.41,7.41,257670
PVT,2017-09-19,7.44,7.46,7.34,7.39,150170
PVT,2017-09-20,7.34,7.39,7.22,7.24,367090
PVT,2017-09-21,7.24,7.34,7.12,7.14,178130
PVT,2017-09-22,7.19,7.19,7.04,7.09,298160
PVT,2017-09-25,7.24,7.29,7.12,7.19,98470
PVT,2017-09-26,7.19,7.36,7.19,7.34,223220
PVT,2017-09-27,7.36,7.36,7.24,7.26,53720
PVT,2017-09-28,7.29,7.34,7.22,7.29,82970
PVT,2017-09-29,7.22,7.29,7.17,7.29,58430
PVT,2017-10-02,7.29,7.29,7.19,7.19,23140
PVT,2017-10-03,7.19,7.19,6.95,7.14,319970
PVT,2017-10-04,6.95,7.17,6.95,7.14,28890
PVT,2017-10-05,7.04,7.19,6.95,7.14,41320
PVT,2017-10-06,7.14,7.14,7.04,7.12,60010
PVT,2017-10-09,7.14,7.14,6.97,7.14,91310
PVT,2017-10-10,7.02,7.14,7.02,7.14,177000
PVT,2017-10-11,7.04,7.14,7.02,7.09,96980
PVT,2017-10-12,7.02,7.09,7.0,7.09,93360
PVT,2017-10-13,7.0,7.09,7.0,7.09,72360
PVT,2017-10-16,7.12,7.12,7.02,7.09,232790
PVT,2017-10-17,7.09,7.09,7.0,7.09,170000
PVT,2017-10-18,7.09,7.09,6.97,7.04,258200
PVT,2017-10-19,7.04,7.09,7.04,7.04,267320
PVT,2017-10-20,7.09,7.09,7.02,7.09,75030
PVT,2017-10-23,7.02,7.09,6.97,7.09,127530
PVT,2017-10-24,7.0,7.04,6.85,6.97,291310
PVT,2017-10-25,6.97,7.02,6.95,7.02,181560
PVT,2017-10-26,7.04,7.04,6.87,7.04,173000
PVT,2017-10-27,6.9,7.04,6.9,7.02,184570
PVT,2017-10-30,7.02,7.07,6.92,7.0,63840
PVT,2017-10-31,7.0,7.19,7.0,7.17,517230
PVT,2017-11-01,7.17,7.17,7.04,7.14,82450
PVT,2017-11-02,7.12,7.12,6.97,7.07,179190
PVT,2017-11-03,7.07,7.07,6.95,7.0,78930
PVT,2017-11-06,7.0,7.34,6.95,7.31,297540
PVT,2017-11-07,7.34,7.34,7.24,7.29,110690
PVT,2017-11-08,7.34,7.34,7.26,7.29,89200
PVT,2017-11-09,7.22,7.31,7.22,7.29,164710
PVT,2017-11-10,7.44,7.78,7.36,7.78,1293340
PVT,2017-11-13,7.93,8.0,7.83,7.9,390480
PVT,2017-11-14,7.9,8.15,7.78,7.93,445180
PVT,2017-11-15,7.88,8.12,7.83,8.02,432510
PVT,2017-11-16,8.02,8.39,7.93,8.39,884250
PVT,2017-11-17,8.27,8.46,8.24,8.39,474570
PVT,2017-11-20,8.32,8.44,8.22,8.39,372540
PVT,2017-11-21,8.44,8.44,8.19,8.32,312920
PVT,2017-11-22,8.22,8.39,8.1,8.22,373590
PVT,2017-11-23,8.22,8.32,8.0,8.15,431010
PVT,2017-11-24,8.07,8.15,7.95,8.02,585890
PVT,2017-11-27,8.24,8.41,8.17,8.41,492940
PVT,2017-11-28,8.32,8.41,8.0,8.24,687010
PVT,2017-11-29,8.24,8.27,8.02,8.27,166110
PVT,2017-11-30,8.15,8.32,8.12,8.22,271410
PVT,2017-12-01,8.32,8.68,8.19,8.66,1244880
PVT,2017-12-04,8.76,8.76,8.56,8.71,445570
PVT,2017-12-05,8.61,8.68,8.56,8.56,662330
PVT,2017-12-06,8.41,8.59,8.12,8.41,466140
PVT,2017-12-07,8.32,8.46,8.22,8.46,188100
PVT,2017-12-08,8.46,8.46,8.07,8.32,323740
PVT,2017-12-11,8.32,8.32,8.1,8.19,215380
PVT,2017-12-12,8.27,8.32,7.63,8.32,1388720
PVT,2017-12-13,8.32,8.61,8.12,8.22,211720
PVT,2017-12-14,8.22,8.32,8.17,8.32,64220
PVT,2017-12-15,8.12,8.32,8.12,8.32,377850
PVT,2017-12-18,8.41,8.54,8.39,8.44,234710
PVT,2017-12-19,8.41,8.51,8.32,8.44,246590
PVT,2017-12-20,8.49,9.03,8.46,9.03,2035660
PVT,2017-12-21,9.29,9.37,9.03,9.03,646810
PVT,2017-12-22,8.98,9.22,8.88,9.0,408490
PVT,2017-12-25,9.25,9.25,8.95,9.05,439380
PVT,2017-12-26,9.05,9.05,8.98,8.98,411290
PVT,2017-12-27,9.29,9.52,9.1,9.42,1216580
PVT,2017-12-28,9.49,9.49,9.25,9.42,357740
PVT,2017-12-29,9.34,9.39,9.22,9.22,381030
PVT,2018-01-02,9.22,9.29,8.81,9.27,981760
PVT,2018-01-03,9.27,9.34,8.95,9.12,1063600
PVT,2018-01-04,9.25,9.39,9.07,9.25,964960
PVT,2018-01-05,9.25,9.27,9.1,9.1,518220
PVT,2018-01-08,9.1,9.1,8.76,8.93,968420
PVT,2018-01-09,8.95,9.37,8.93,9.27,1457990
PVT,2018-01-10,9.59,9.88,9.54,9.64,1980670
PVT,2018-01-11,9.64,9.69,9.29,9.64,828570
PVT,2018-01-12,9.69,9.69,9.29,9.34,925960
PVT,2018-01-15,9.1,9.29,9.05,9.15,778850
PVT,2018-01-16,9.1,9.15,9.0,9.15,600540
PVT,2018-01-17,9.0,9.15,8.76,8.76,623850
PVT,2018-01-18,8.66,8.9,8.29,8.9,1250580
PVT,2018-01-19,8.85,8.95,8.78,8.85,539080
PVT,2018-01-22,8.95,8.95,8.71,8.88,689130
PVT,2018-01-23,8.88,8.88,8.88,8.88,0
PVT,2018-01-24,8.88,8.88,8.88,8.88,0
PVT,2018-01-25,9.17,9.2,8.98,9.05,2742100
PVT,2018-01-26,9.2,9.2,8.73,9.12,1488210
PVT,2018-01-29,9.15,9.54,8.95,9.54,2216340
PVT,2018-01-30,9.29,9.59,9.2,9.39,909650
PVT,2018-01-31,9.29,9.54,9.22,9.52,1788530
PVT,2018-02-01,9.44,9.64,9.29,9.64,1990250
PVT,2018-02-02,9.74,9.74,9.49,9.54,1357360
PVT,2018-02-05,9.2,9.29,8.88,9.29,975160
PVT,2018-02-06,8.66,9.25,8.66,9.0,798140
PVT,2018-02-07,9.2,9.2,8.66,8.9,603320
PVT,2018-02-08,8.41,8.95,8.39,8.81,514050
PVT,2018-02-09,8.27,8.76,8.22,8.56,598320
PVT,2018-02-12,8.56,8.85,8.51,8.85,432280
PVT,2018-02-13,8.76,8.95,8.71,8.93,260290
PVT,2018-02-21,8.95,9.05,8.73,9.05,600000
PVT,2018-02-22,9.05,9.05,8.73,8.76,1060760
PVT,2018-02-23,8.76,8.85,8.54,8.63,659310
PVT,2018-02-26,8.63,8.66,8.32,8.32,468020
PVT,2018-02-27,8.56,8.85,8.32,8.85,1037010
PVT,2018-02-28,8.81,9.15,8.71,9.1,727180
PVT,2018-03-01,9.05,9.05,8.63,8.9,283900
PVT,2018-03-02,8.66,8.85,8.66,8.85,211450
PVT,2018-03-05,8.85,9.0,8.73,8.98,382320
PVT,2018-03-06,8.98,9.37,8.83,9.1,1143770
PVT,2018-03-07,9.1,9.37,9.05,9.27,1244360
PVT,2018-03-08,9.27,9.34,9.15,9.2,308980
PVT,2018-03-09,9.29,9.34,8.98,9.2,694180
PVT,2018-03-12,9.15,9.22,8.98,9.12,339600
PVT,2018-03-13,9.05,9.25,8.9,9.25,662810
PVT,2018-03-14,9.25,9.27,9.1,9.25,891020
PVT,2018-03-15,9.25,9.88,9.15,9.86,2058310
PVT,2018-03-16,10.08,10.08,9.59,9.66,940640
PVT,2018-03-19,9.98,9.98,9.69,9.78,729280
PVT,2018-03-20,9.69,9.78,9.69,9.78,388420
PVT,2018-03-21,9.78,10.22,9.74,9.98,724700
PVT,2018-03-22,10.22,10.22,9.93,10.03,633230
PVT,2018-03-23,9.64,10.03,9.54,10.03,670780
PVT,2018-03-26,10.03,10.47,9.88,9.93,1712670
PVT,2018-03-27,9.83,9.93,9.54,9.78,785200
PVT,2018-03-28,9.78,10.03,9.56,9.78,345530
PVT,2018-03-29,10.18,10.18,9.81,10.03,949330
PVT,2018-03-30,10.03,10.13,9.88,10.08,451800
PVT,2018-04-02,10.08,10.18,9.98,10.18,641630
PVT,2018-04-03,10.1,10.86,10.1,10.47,2692150
PVT,2018-04-04,10.57,10.71,10.18,10.47,620080
PVT,2018-04-05,10.66,10.66,10.44,10.57,546340
PVT,2018-04-06,10.57,10.57,10.22,10.32,935250
PVT,2018-04-09,10.32,10.42,10.03,10.22,726480
PVT,2018-04-10,10.22,10.22,9.78,9.78,722850
PVT,2018-04-11,9.78,9.98,9.27,9.83,903070
PVT,2018-04-12,9.39,10.03,9.34,10.03,913240
PVT,2018-04-13,10.03,10.08,9.54,9.88,364380
PVT,2018-04-16,9.78,9.83,9.49,9.78,252000
PVT,2018-04-17,9.74,9.88,9.59,9.83,331220
PVT,2018-04-18,9.78,9.96,9.64,9.76,123150
PVT,2018-04-19,9.78,9.93,9.64,9.91,660930
PVT,2018-04-20,9.88,9.98,9.88,9.98,165990
PVT,2018-04-23,9.88,10.03,9.64,9.69,223670
PVT,2018-04-24,9.69,9.83,9.54,9.83,202080
PVT,2018-04-26,9.83,9.83,9.39,9.66,222130
PVT,2018-04-27,9.66,9.78,9.47,9.78,173660
PVT,2018-05-02,9.78,9.78,9.27,9.44,216640
PVT,2018-05-03,9.32,9.59,8.78,9.25,694640
PVT,2018-05-04,9.05,9.15,8.81,8.81,618880
PVT,2018-05-07,8.81,9.05,8.71,8.85,196060
PVT,2018-05-08,9.0,9.0,8.78,8.85,190610
PVT,2018-05-09,8.85,9.1,8.85,8.95,415250
PVT,2018-05-10,9.07,9.07,8.81,8.83,202040
PVT,2018-05-11,8.81,8.95,8.56,8.71,336340
PVT,2018-05-14,8.81,8.81,8.46,8.61,156760
PVT,2018-05-15,8.76,8.9,8.61,8.81,180230
PVT,2018-05-16,8.95,9.07,8.9,9.03,266240
PVT,2018-05-17,9.05,9.12,8.93,9.0,178290
PVT,2018-05-18,8.95,9.1,8.81,8.95,177890
PVT,2018-05-21,8.95,8.95,8.78,8.81,93870
PVT,2018-05-22,8.71,8.71,8.22,8.71,258660
PVT,2018-05-23,8.56,9.05,8.37,9.05,461180
PVT,2018-05-24,9.05,9.05,8.88,8.88,281780
PVT,2018-05-25,8.9,8.95,8.56,8.78,144310
PVT,2018-05-28,8.78,8.78,8.22,8.37,234310
PVT,2018-05-29,8.41,8.56,8.19,8.32,785060
PVT,2018-05-30,8.32,8.32,8.17,8.32,94120
PVT,2018-05-31,8.37,8.39,8.24,8.32,206510
PVT,2018-06-01,8.32,8.32,7.83,8.17,636790
PVT,2018-06-04,8.07,8.07,7.73,8.02,440310
PVT,2018-06-05,8.02,8.41,8.02,8.32,469390
PVT,2018-06-06,8.32,8.44,8.17,8.41,248690
PVT,2018-06-07,8.41,8.59,8.39,8.44,467430
PVT,2018-06-08,8.46,8.46,8.29,8.32,254540
PVT,2018-06-11,8.32,8.32,8.19,8.22,111710
PVT,2018-06-12,8.12,8.12,7.97,8.0,632290
PVT,2018-06-13,7.95,8.15,7.95,8.1,278950
PVT,2018-06-14,8.12,8.12,7.88,7.88,367740
PVT,2018-06-15,7.85,8.05,7.83,8.05,370880
PVT,2018-06-18,8.05,8.05,7.78,7.95,495360
PVT,2018-06-19,7.75,7.75,7.41,7.58,718810
PVT,2018-06-20,7.58,7.68,7.48,7.68,149020
PVT,2018-06-21,7.7,7.7,7.51,7.58,130680
PVT,2018-06-22,7.58,7.63,7.53,7.53,77230
PVT,2018-06-25,7.58,7.73,7.56,7.58,99440
PVT,2018-06-26,7.58,7.58,7.39,7.46,141690
PVT,2018-06-27,7.46,7.68,7.46,7.63,186620
PVT,2018-06-28,7.48,7.63,7.39,7.44,136310
PVT,2018-06-29,7.34,7.53,7.34,7.46,64200
PVT,2018-07-02,7.41,7.46,7.12,7.29,175560
PVT,2018-07-03,7.34,7.34,6.95,7.04,209670
PVT,2018-07-04,7.04,7.09,6.6,7.09,268200
PVT,2018-07-05,6.85,7.09,6.8,7.09,217110
PVT,2018-07-06,6.9,7.24,6.8,7.09,256030
PVT,2018-07-09,7.22,7.22,7.07,7.14,71680
PVT,2018-07-10,7.24,7.44,7.19,7.22,98530
PVT,2018-07-11,7.09,7.48,7.09,7.48,305490
PVT,2018-07-12,7.34,7.51,7.29,7.48,70480
PVT,2018-07-13,7.48,7.53,7.36,7.48,57230
PVT,2018-07-16,7.58,7.58,7.44,7.48,39910
PVT,2018-07-17,7.48,7.53,7.39,7.48,46860
PVT,2018-07-18,7.36,8.0,7.36,7.97,215460
PVT,2018-07-19,8.07,8.12,7.83,8.12,199630
PVT,2018-07-20,7.97,8.07,7.66,8.05,52460
PVT,2018-07-23,7.97,8.05,7.78,7.97,99070
PVT,2018-07-24,7.93,7.97,7.78,7.93,142340
PVT,2018-07-25,8.07,8.1,7.83,7.93,119240
PVT,2018-07-26,7.88,8.07,7.83,7.97,105200
PVT,2018-07-27,7.97,8.22,7.88,8.12,140140
PVT,2018-07-30,8.32,8.51,8.22,8.39,306950
PVT,2018-07-31,8.46,8.46,8.32,8.39,136930
PVT,2018-08-01,8.07,8.56,8.07,8.27,122170
PVT,2018-08-02,8.19,8.32,8.12,8.15,107730
PVT,2018-08-03,8.15,8.41,8.15,8.41,210410
PVT,2018-08-06,8.56,8.66,8.44,8.44,312210
PVT,2018-08-07,8.46,8.56,8.24,8.44,171630
PVT,2018-08-08,8.44,8.61,8.44,8.46,181040
PVT,2018-08-09,8.51,8.59,8.41,8.41,164670
PVT,2018-08-10,8.51,8.56,8.39,8.56,163590
PVT,2018-08-13,8.66,8.66,8.41,8.63,232020
PVT,2018-08-14,8.71,8.71,8.51,8.61,129530
PVT,2018-08-15,8.68,8.68,8.49,8.63,308420
PVT,2018-08-16,8.63,8.63,8.46,8.61,270630
PVT,2018-08-17,8.61,8.61,8.41,8.56,106770
PVT,2018-08-20,8.51,8.56,8.44,8.54,192460
PVT,2018-08-21,8.54,8.56,8.41,8.51,160780
PVT,2018-08-22,8.85,9.01,8.62,8.8,313590
PVT,2018-08-23,8.75,8.88,8.75,8.82,83950
PVT,2018-08-24,8.82,8.88,8.67,8.69,122510
PVT,2018-08-27,8.82,8.82,8.64,8.69,301990
PVT,2018-08-28,8.72,8.98,8.67,8.98,311830
PVT,2018-08-29,8.98,8.98,8.8,8.95,129400
PVT,2018-08-30,8.82,9.14,8.77,9.08,531090
PVT,2018-08-31,9.08,9.08,8.93,9.06,87880
PVT,2018-09-04,8.95,9.08,8.85,9.08,289130
PVT,2018-09-05,8.93,9.14,8.93,9.08,160840
PVT,2018-09-06,9.08,9.08,8.98,9.01,72670
PVT,2018-09-07,8.98,9.39,8.98,9.34,227260
PVT,2018-09-10,9.52,9.52,9.19,9.24,113220
PVT,2018-09-11,9.19,9.37,9.19,9.34,93110
PVT,2018-09-12,9.45,9.63,9.32,9.45,271760
PVT,2018-09-13,9.65,9.65,9.34,9.34,227040
PVT,2018-09-14,9.27,9.45,9.24,9.29,121510
PVT,2018-09-17,9.29,9.45,9.11,9.16,348170
PVT,2018-09-18,9.08,9.16,9.03,9.16,111700
PVT,2018-09-19,9.16,9.34,9.03,9.29,236120
PVT,2018-09-20,9.29,9.32,9.08,9.29,306390
PVT,2018-09-21,9.19,9.34,9.11,9.32,200000
PVT,2018-09-24,9.24,9.29,9.16,9.16,108890
PVT,2018-09-25,9.29,9.5,9.19,9.37,402030
PVT,2018-09-26,9.39,9.65,9.37,9.65,447440
PVT,2018-09-27,9.65,9.81,9.55,9.71,398660
PVT,2018-09-28,9.71,9.84,9.58,9.81,413380
PVT,2018-10-01,9.76,9.81,9.55,9.81,311380
PVT,2018-10-02,9.81,9.86,9.65,9.76,193960
PVT,2018-10-03,9.81,9.81,9.63,9.73,71980
PVT,2018-10-04,9.68,9.76,9.68,9.73,148740
PVT,2018-10-05,9.5,9.71,9.5,9.65,102850
PVT,2018-10-08,9.65,10.12,9.65,9.84,296530
PVT,2018-10-09,9.84,9.91,9.71,9.73,61280
PVT,2018-10-10,9.73,9.73,9.58,9.71,101930
PVT,2018-10-11,9.24,9.34,9.03,9.24,393910
PVT,2018-10-12,8.72,9.24,8.72,9.21,227790
PVT,2018-10-15,9.14,9.19,8.93,9.14,141660
PVT,2018-10-16,9.14,9.14,8.9,9.01,318640
PVT,2018-10-17,9.08,9.08,8.95,9.08,158290
PVT,2018-10-18,9.03,9.27,8.93,9.14,89230
PVT,2018-10-19,9.03,9.11,8.9,9.11,41220
PVT,2018-10-22,9.11,9.19,9.03,9.11,48830
PVT,2018-10-23,9.03,9.03,8.56,8.72,170330
PVT,2018-10-24,8.67,8.82,8.36,8.72,292730
PVT,2018-10-25,8.3,8.85,8.2,8.75,185000
PVT,2018-10-26,8.75,8.75,8.41,8.64,115830
PVT,2018-10-29,8.36,8.56,8.33,8.56,58930
PVT,2018-10-30,8.3,8.8,8.3,8.8,108300
PVT,2018-10-31,8.82,9.14,8.8,9.08,167240
PVT,2018-11-01,9.08,9.24,8.93,9.19,118950
PVT,2018-11-02,9.01,9.37,9.01,9.37,103900
PVT,2018-11-05,9.37,9.37,9.06,9.29,37490
PVT,2018-11-06,9.34,9.34,8.82,9.11,172620
PVT,2018-11-07,8.9,9.16,8.85,8.93,166800
PVT,2018-11-08,8.93,9.03,8.82,8.98,102590
PVT,2018-11-09,8.98,8.98,8.67,8.82,59540
PVT,2018-11-12,8.67,8.8,8.64,8.8,146240
PVT,2018-11-13,8.77,8.77,8.43,8.56,127100
PVT,2018-11-14,8.46,9.16,8.41,9.16,285190
PVT,2018-11-15,8.82,9.19,8.69,8.8,134440
PVT,2018-11-16,8.8,8.88,8.59,8.8,137070
PVT,2018-11-19,8.77,8.82,8.69,8.82,64650
PVT,2018-11-20,8.59,8.75,8.56,8.72,356370
PVT,2018-11-21,8.59,8.77,8.59,8.77,49230
PVT,2018-11-22,8.72,8.72,8.56,8.72,165410
PVT,2018-11-23,8.59,8.59,8.38,8.51,254000
PVT,2018-11-26,8.51,8.56,8.43,8.56,27300
PVT,2018-11-27,8.56,8.56,8.3,8.36,262660
PVT,2018-11-28,8.3,8.3,8.15,8.3,165890
PVT,2018-11-29,8.3,8.3,8.2,8.3,121230
PVT,2018-11-30,8.25,8.3,8.05,8.3,393710
PVT,2018-12-03,8.36,8.51,8.33,8.49,263140
PVT,2018-12-04,8.51,8.51,8.36,8.43,163010
PVT,2018-12-05,8.36,8.36,8.23,8.3,373780
PVT,2018-12-06,8.36,8.41,8.2,8.3,89860
PVT,2018-12-07,8.3,8.38,8.2,8.28,266080
PVT,2018-12-10,8.3,8.54,8.28,8.36,707670
PVT,2018-12-11,8.41,8.41,8.28,8.3,305120
PVT,2018-12-12,8.36,8.41,8.28,8.28,387560
PVT,2018-12-13,8.3,8.36,8.28,8.3,475110
PVT,2018-12-14,8.3,8.75,8.3,8.51,681850
PVT,2018-12-17,8.51,8.51,8.33,8.33,288080
PVT,2018-12-18,8.3,8.3,8.05,8.28,440460
PVT,2018-12-19,8.2,8.3,8.1,8.25,356230
PVT,2018-12-20,8.15,8.23,8.1,8.23,116680
PVT,2018-12-21,8.1,8.15,8.02,8.12,177340
PVT,2018-12-24,8.18,8.28,8.12,8.15,223910
PVT,2018-12-25,7.76,8.1,7.73,7.99,236350
PVT,2018-12-26,8.1,8.12,7.79,7.94,329190
PVT,2018-12-27,8.12,8.18,7.97,8.02,504020
PVT,2018-12-28,8.3,8.41,8.15,8.15,603460
PVT,2019-01-02,8.28,8.33,8.1,8.1,226030
PVT,2019-01-03,8.15,8.15,7.89,7.89,343070
PVT,2019-01-04,7.94,8.28,7.79,8.25,409640
PVT,2019-01-07,8.3,8.38,8.23,8.3,146060
PVT,2019-01-08,8.3,8.3,8.15,8.25,160570
PVT,2019-01-09,8.25,8.38,8.25,8.33,236550
PVT,2019-01-10,8.33,8.36,8.3,8.3,211420
PVT,2019-01-11,8.36,8.36,8.2,8.33,292910
PVT,2019-01-14,8.23,8.3,8.2,8.3,88100
PVT,2019-01-15,8.3,8.59,8.3,8.56,756320
PVT,2019-01-16,8.56,8.64,8.51,8.56,289260
PVT,2019-01-17,8.56,8.56,8.49,8.54,152010
PVT,2019-01-18,8.51,8.51,8.38,8.46,318070
PVT,2019-01-21,8.56,8.56,8.43,8.43,268520
PVT,2019-01-22,8.41,8.62,8.38,8.59,480240
PVT,2019-01-23,8.59,8.59,8.46,8.59,278980
PVT,2019-01-24,8.59,8.82,8.59,8.72,440650
PVT,2019-01-25,8.8,8.82,8.67,8.75,227680
PVT,2019-01-28,8.75,8.93,8.69,8.88,451340
PVT,2019-01-29,8.88,8.93,8.77,8.9,300970
PVT,2019-01-30,8.9,9.01,8.77,8.8,410630
PVT,2019-01-31,8.85,8.9,8.77,8.82,371300
PVT,2019-02-01,8.82,8.85,8.8,8.82,112400
PVT,2019-02-11,8.82,9.08,8.8,9.03,510890
PVT,2019-02-12,9.11,9.16,8.93,9.01,779470
PVT,2019-02-13,9.01,9.11,8.93,9.08,440840
PVT,2019-02-14,9.08,9.14,8.98,9.14,441630
PVT,2019-02-15,9.08,9.16,8.98,9.14,497510
PVT,2019-02-18,9.19,9.21,9.14,9.19,333220
PVT,2019-02-19,9.11,9.19,9.01,9.01,568110
PVT,2019-02-20,9.01,9.01,8.77,8.93,966650
PVT,2019-02-21,8.93,8.93,8.72,8.82,331050
PVT,2019-02-22,8.77,8.98,8.72,8.9,247560
PVT,2019-02-25,8.93,8.95,8.77,8.88,307770
PVT,2019-02-26,8.82,8.88,8.72,8.85,229240
PVT,2019-02-27,8.85,8.98,8.77,8.98,312530
PVT,2019-02-28,9.06,9.06,8.77,8.98,274730
PVT,2019-03-01,8.98,8.98,8.82,8.82,320630
PVT,2019-03-04,8.82,9.14,8.82,9.14,903120
PVT,2019-03-05,9.03,9.45,9.03,9.14,888290
PVT,2019-03-06,9.01,9.24,8.88,9.24,581450
PVT,2019-03-07,9.11,9.24,9.06,9.06,552400
PVT,2019-03-08,9.06,9.06,8.9,9.03,500040
PVT,2019-03-11,9.03,9.03,8.82,8.98,397070
PVT,2019-03-12,8.95,9.19,8.93,9.14,521210
PVT,2019-03-13,9.24,9.24,9.08,9.19,730330
PVT,2019-03-14,9.19,9.19,9.03,9.03,139680
PVT,2019-03-15,9.03,9.11,8.98,9.11,234680
PVT,2019-03-18,9.11,9.29,9.06,9.29,723410
PVT,2019-03-19,9.32,9.42,9.11,9.29,857700
PVT,2019-03-20,9.29,9.29,9.06,9.29,244830
PVT,2019-03-21,9.29,9.34,9.11,9.14,304350
PVT,2019-03-22,9.11,9.14,8.93,9.08,299630
PVT,2019-03-25,8.8,8.98,8.72,8.98,588260
PVT,2019-03-26,9.01,9.03,8.82,8.98,179040
PVT,2019-03-27,8.95,9.01,8.8,8.93,359420
PVT,2019-03-28,8.93,9.03,8.75,8.98,226060
PVT,2019-03-29,8.88,8.98,8.8,8.82,225800
PVT,2019-04-01,8.95,8.95,8.59,8.59,521450
PVT,2019-04-02,8.82,8.82,8.41,8.49,814090
PVT,2019-04-03,8.51,8.56,8.36,8.46,434990
PVT,2019-04-04,8.46,8.59,8.43,8.51,275740
PVT,2019-04-05,8.62,8.72,8.49,8.62,695950
PVT,2019-04-08,8.72,8.93,8.72,8.82,1089470
PVT,2019-04-09,8.93,8.95,8.67,8.72,352260
PVT,2019-04-10,8.59,8.72,8.59,8.72,277790
PVT,2019-04-11,8.72,8.72,8.56,8.67,117520
PVT,2019-04-12,8.59,8.67,8.56,8.64,203280
PVT,2019-04-16,8.56,8.67,8.41,8.67,365180
PVT,2019-04-17,8.67,8.77,8.51,8.62,373750
PVT,2019-04-18,8.51,8.62,8.41,8.43,358060
PVT,2019-04-19,8.56,8.56,8.38,8.51,151760
PVT,2019-04-22,8.51,8.56,8.46,8.49,123130
PVT,2019-04-23,8.43,8.54,8.43,8.49,96930
PVT,2019-04-24,8.46,8.51,8.43,8.49,126490
PVT,2019-04-25,8.46,8.62,8.41,8.51,557060
PVT,2019-04-26,8.51,8.51,8.43,8.49,81130
PVT,2019-05-02,8.62,8.62,8.46,8.51,141320
PVT,2019-05-03,8.56,8.56,8.41,8.49,164520
PVT,2019-05-06,8.49,8.49,8.2,8.23,267690
PVT,2019-05-07,8.23,8.36,8.18,8.33,197280
PVT,2019-05-08,8.18,8.33,8.1,8.33,213590
PVT,2019-05-09,8.33,8.36,8.25,8.3,92230
PVT,2019-05-10,8.3,8.49,8.23,8.49,304570
PVT,2019-05-13,8.41,8.46,8.3,8.46,341720
PVT,2019-05-14,8.33,8.56,8.33,8.56,265270
PVT,2019-05-15,8.56,8.67,8.49,8.59,349600
PVT,2019-05-16,8.62,8.62,8.49,8.54,152690
PVT,2019-05-17,8.54,8.56,8.49,8.49,107960
PVT,2019-05-20,8.46,8.54,8.46,8.51,165930
PVT,2019-05-21,8.51,8.64,8.49,8.56,305540
PVT,2019-05-22,8.59,8.62,8.49,8.51,169580
PVT,2019-05-23,8.51,8.59,8.49,8.54,219540
PVT,2019-05-24,8.54,8.85,8.54,8.8,1269970
PVT,2019-05-27,8.77,8.93,8.77,8.85,338050
PVT,2019-05-28,8.88,8.93,8.77,8.82,180200
PVT,2019-05-29,8.75,9.08,8.75,8.93,641020
PVT,2019-05-30,8.93,9.03,8.82,8.82,305660
PVT,2019-05-31,8.75,8.88,8.54,8.72,269620
PVT,2019-06-03,8.56,8.67,8.46,8.54,334910
PVT,2019-06-04,8.46,8.54,8.38,8.49,283290
PVT,2019-06-05,8.56,8.56,8.38,8.46,268120
PVT,2019-06-06,8.46,8.51,8.41,8.49,259990
PVT,2019-06-07,8.49,8.69,8.49,8.69,361950
PVT,2019-06-10,8.72,8.77,8.56,8.59,221230
PVT,2019-06-11,8.67,8.67,8.51,8.59,159560
PVT,2019-06-12,8.59,8.62,8.56,8.62,121680
PVT,2019-06-13,8.59,8.59,8.46,8.59,145000
PVT,2019-06-14,8.56,8.59,8.38,8.46,161250
PVT,2019-06-17,8.41,8.51,8.41,8.49,115280
PVT,2019-06-18,8.54,8.54,8.41,8.49,53910
PVT,2019-06-19,8.49,8.54,8.43,8.46,124250
PVT,2019-06-20,8.51,8.59,8.51,8.51,218090
PVT,2019-06-21,8.51,8.59,8.43,8.51,355600
PVT,2019-06-24,8.51,8.51,8.43,8.43,141090
PVT,2019-06-25,8.49,8.49,8.33,8.41,48690
PVT,2019-06-26,8.36,8.56,8.36,8.49,155500
PVT,2019-06-27,8.51,8.51,8.43,8.49,304190
PVT,2019-06-28,8.51,8.51,8.36,8.46,189490
PVT,2019-07-01,8.46,8.56,8.43,8.54,305990
PVT,2019-07-02,8.56,8.56,8.41,8.56,363140
PVT,2019-07-03,8.56,8.56,8.43,8.51,174320
PVT,2019-07-04,8.46,8.56,8.43,8.56,274160
PVT,2019-07-05,8.51,8.54,8.43,8.54,213270
PVT,2019-07-08,8.56,8.9,8.56,8.72,978240
PVT,2019-07-09,8.72,8.98,8.72,8.98,1009820
PVT,2019-07-10,9.03,9.11,8.85,8.93,946240
PVT,2019-07-11,8.95,8.95,8.77,8.88,708760
PVT,2019-07-12,8.88,9.03,8.82,9.03,898360
PVT,2019-07-15,9.03,9.24,9.03,9.16,789250
PVT,2019-07-16,9.19,9.19,9.03,9.03,786750
PVT,2019-07-17,9.03,9.14,8.95,9.03,819010
PVT,2019-07-18,8.98,9.06,8.93,9.03,506760
PVT,2019-07-19,9.06,9.14,8.82,8.85,897220
PVT,2019-07-22,8.88,8.88,8.59,8.59,783070
PVT,2019-07-23,8.59,8.75,8.59,8.69,410180
PVT,2019-07-24,8.69,8.72,8.64,8.72,447540
PVT,2019-07-25,8.75,8.9,8.72,8.8,535020
PVT,2019-07-26,8.82,8.88,8.75,8.85,481460
PVT,2019-07-29,8.88,9.06,8.88,9.06,972200
PVT,2019-07-30,9.06,9.11,8.93,8.93,956990
PVT,2019-07-31,8.93,9.5,8.93,9.5,1036010
PVT,2019-08-01,9.5,9.58,9.29,9.58,1076670
PVT,2019-08-02,9.29,9.5,9.24,9.5,870560
PVT,2019-08-05,9.5,9.5,9.34,9.37,688970
PVT,2019-08-06,9.16,9.34,9.06,9.06,1315440
PVT,2019-08-07,9.08,9.34,8.93,9.34,1179880
PVT,2019-08-08,9.34,9.73,9.34,9.6,1777880
PVT,2019-08-09,9.6,9.84,9.55,9.71,1149250
PVT,2019-08-12,9.63,9.73,9.55,9.55,612940
PVT,2019-08-13,9.71,9.71,9.55,9.55,899630
PVT,2019-08-14,9.71,9.71,9.36,9.52,722580
PVT,2019-08-15,9.28,9.52,9.28,9.52,356170
PVT,2019-08-16,9.52,9.71,9.44,9.6,704610
PVT,2019-08-19,9.66,10.1,9.55,10.1,1284140
PVT,2019-08-20,10.15,10.21,9.99,10.04,555860
PVT,2019-08-21,10.04,10.18,9.88,10.04,1182400
PVT,2019-08-22,10.04,10.1,9.88,9.88,726210
PVT,2019-08-23,9.85,10.04,9.77,10.04,496890
PVT,2019-08-26,10.02,10.04,9.66,9.71,845650
PVT,2019-08-27,9.77,9.82,9.6,9.82,966800
PVT,2019-08-28,9.8,9.85,9.63,9.63,479430
PVT,2019-08-29,9.63,9.69,9.33,9.55,1004620
PVT,2019-08-30,9.55,9.6,9.44,9.44,756340
PVT,2019-09-03,9.44,9.55,9.28,9.39,1030240
PVT,2019-09-04,9.39,9.63,9.25,9.63,908880
PVT,2019-09-05,9.69,9.77,9.66,9.77,1291040
PVT,2019-09-06,9.77,9.77,9.6,9.71,457250
PVT,2019-09-09,9.66,9.91,9.63,9.82,727080
PVT,2019-09-10,9.82,9.85,9.52,9.69,1184650
PVT,2019-09-11,9.71,9.74,9.44,9.66,785420
PVT,2019-09-12,9.63,9.82,9.63,9.74,389450
PVT,2019-09-13,9.74,9.99,9.71,9.99,656550
PVT,2019-09-16,10.04,10.18,9.85,9.85,776530
PVT,2019-09-17,9.88,9.91,9.8,9.82,436110
PVT,2019-09-18,9.82,10.02,9.69,9.71,781740
PVT,2019-09-19,9.77,9.77,9.66,9.74,437840
PVT,2019-09-20,9.77,10.02,9.77,9.77,740080
PVT,2019-09-23,9.77,9.93,9.77,9.8,539820
PVT,2019-09-24,9.8,9.91,9.8,9.82,401830
PVT,2019-09-25,9.82,9.85,9.71,9.77,866650
PVT,2019-09-26,9.77,9.77,9.55,9.63,1019310
PVT,2019-09-27,9.63,9.71,9.39,9.5,1459680
PVT,2019-09-30,9.63,9.63,9.47,9.52,536410
PVT,2019-10-01,9.52,9.6,9.28,9.33,1803500
PVT,2019-10-02,9.33,9.5,9.22,9.33,627640
PVT,2019-10-03,9.3,9.52,9.28,9.52,481700
PVT,2019-10-04,9.52,9.52,9.17,9.22,1187820
PVT,2019-10-07,9.28,9.28,9.14,9.19,910330
PVT,2019-10-08,9.19,9.39,9.06,9.39,703820
PVT,2019-10-09,9.28,9.39,9.22,9.25,331360
PVT,2019-10-10,9.25,9.44,9.25,9.39,511360
PVT,2019-10-11,9.44,9.44,9.19,9.33,376290
PVT,2019-10-14,9.33,9.39,9.28,9.33,209930
PVT,2019-10-15,9.33,9.41,9.28,9.33,279710
PVT,2019-10-16,9.33,9.39,9.22,9.22,360440
PVT,2019-10-17,9.25,9.25,9.08,9.17,514830
PVT,2019-10-18,9.08,9.19,9.08,9.08,411460
PVT,2019-10-21,9.08,9.19,9.03,9.08,123620
PVT,2019-10-22,9.06,9.14,9.0,9.03,314370
PVT,2019-10-23,9.03,9.22,9.03,9.17,398320
PVT,2019-10-24,9.19,9.25,9.17,9.19,448330
PVT,2019-10-25,9.19,9.25,9.17,9.19,113640
PVT,2019-10-28,9.25,9.39,9.25,9.39,499840
PVT,2019-10-29,9.44,9.52,9.41,9.41,631570
PVT,2019-10-30,9.44,9.44,9.33,9.44,243640
PVT,2019-10-31,9.44,9.44,9.3,9.39,272840
PVT,2019-11-01,9.33,9.5,9.28,9.5,642650
PVT,2019-11-04,9.55,9.55,9.36,9.44,432000
PVT,2019-11-05,9.47,9.52,9.41,9.5,455920
PVT,2019-11-06,9.5,9.6,9.5,9.58,788050
PVT,2019-11-07,9.58,9.58,9.41,9.5,398120
PVT,2019-11-08,9.5,9.5,9.3,9.39,1125170
PVT,2019-11-11,9.44,9.44,9.28,9.39,186830
PVT,2019-11-12,9.39,9.47,9.3,9.47,277220
PVT,2019-11-13,9.47,9.47,9.33,9.41,331860
PVT,2019-11-14,9.41,9.47,9.33,9.47,831610
PVT,2019-11-15,9.47,9.77,9.41,9.69,870680
PVT,2019-11-18,9.69,9.74,9.58,9.71,546810
PVT,2019-11-19,9.66,9.82,9.66,9.82,604010
PVT,2019-11-20,9.77,9.82,9.63,9.74,444990
PVT,2019-11-21,9.74,9.74,9.63,9.71,805510
PVT,2019-11-22,9.71,9.71,9.5,9.55,518810
PVT,2019-11-25,9.5,9.55,9.33,9.44,334620
PVT,2019-11-26,9.44,9.5,9.33,9.41,383170
PVT,2019-11-27,9.41,9.47,9.33,9.44,236050
PVT,2019-11-28,9.41,9.52,9.28,9.3,229370
PVT,2019-11-29,9.3,9.55,9.28,9.55,369220
PVT,2019-12-02,9.52,9.55,9.33,9.41,417930
PVT,2019-12-03,9.33,9.41,9.11,9.17,821770
PVT,2019-12-04,9.17,9.22,9.08,9.22,308650
PVT,2019-12-05,9.22,9.36,9.19,9.25,194180
PVT,2019-12-06,9.19,9.33,9.19,9.28,145720
PVT,2019-12-09,9.22,9.25,9.0,9.06,580340
PVT,2019-12-10,9.06,9.17,8.95,9.06,407900
PVT,2019-12-11,8.97,9.11,8.97,9.0,109380
PVT,2019-12-12,9.06,9.19,9.03,9.19,147600
PVT,2019-12-13,9.19,9.25,9.11,9.19,90430
PVT,2019-12-16,9.19,9.28,9.14,9.19,161520
PVT,2019-12-17,9.22,9.22,9.06,9.17,149700
PVT,2019-12-18,9.17,9.22,9.08,9.11,124030
PVT,2019-12-19,9.08,9.11,9.0,9.11,179770
PVT,2019-12-20,9.03,9.11,9.03,9.11,74100
PVT,2019-12-23,9.11,9.11,9.0,9.06,194180
PVT,2019-12-24,9.06,9.06,8.97,9.03,97930
PVT,2019-12-25,8.97,9.06,8.95,9.0,167640
PVT,2019-12-26,9.0,9.19,9.0,9.14,295460
PVT,2019-12-27,9.14,9.19,9.08,9.19,230790
PVT,2019-12-30,9.22,9.3,9.19,9.28,350790
PVT,2019-12-31,9.28,9.28,8.97,9.22,322870
PVT,2020-01-02,9.22,9.22,9.0,9.17,312280
PVT,2020-01-03,9.22,9.22,8.97,8.97,251880
PVT,2020-01-06,9.06,9.14,9.0,9.11,250190
PVT,2020-01-07,9.06,9.08,8.92,9.0,269130
PVT,2020-01-08,9.0,9.03,8.7,8.81,425930
PVT,2020-01-09,8.84,8.84,8.56,8.73,293180
PVT,2020-01-10,8.73,8.73,8.42,8.59,703630
PVT,2020-01-13,8.45,8.53,8.42,8.51,205610
PVT,2020-01-14,8.53,8.53,8.42,8.51,98780
PVT,2020-01-15,8.53,8.53,8.45,8.53,166820
PVT,2020-01-16,8.51,8.59,8.45,8.51,117800
PVT,2020-01-17,8.51,8.51,8.37,8.4,202040
PVT,2020-01-20,8.42,8.42,8.15,8.23,428900
PVT,2020-01-21,8.23,8.23,8.01,8.18,551390
PVT,2020-01-22,8.21,8.21,8.07,8.12,513050
PVT,2020-01-30,8.07,8.07,7.68,7.85,665250
PVT,2020-01-31,7.85,7.85,7.49,7.57,354050
PVT,2020-02-03,7.22,7.24,7.05,7.22,1049760
PVT,2020-02-04,7.3,7.35,6.81,6.97,1247750
PVT,2020-02-05,6.97,7.27,6.86,7.24,967080
PVT,2020-02-06,7.24,7.49,7.14,7.46,859160
PVT,2020-02-07,7.46,7.6,7.44,7.49,553200
PVT,2020-02-10,7.38,7.41,7.14,7.35,483230
PVT,2020-02-11,7.35,7.44,7.3,7.35,305320
PVT,2020-02-12,7.33,7.44,7.33,7.44,456280
PVT,2020-02-13,7.44,7.55,7.44,7.44,307530
PVT,2020-02-14,7.44,7.49,7.41,7.41,199030
PVT,2020-02-17,7.44,7.52,7.44,7.49,287320
PVT,2020-02-18,7.49,7.52,7.46,7.46,158290
PVT,2020-02-19,7.52,7.52,7.35,7.41,477010
PVT,2020-02-20,7.52,7.52,7.35,7.49,458970
PVT,2020-02-21,7.46,7.46,7.24,7.24,614960
PVT,2020-02-24,7.11,7.11,6.89,7.03,632910
PVT,2020-02-25,6.89,6.94,6.67,6.86,1326560
PVT,2020-02-26,6.75,6.78,6.61,6.75,828090
PVT,2020-02-27,6.72,6.81,6.64,6.81,457370
PVT,2020-02-28,6.67,6.81,6.59,6.81,1094340
PVT,2020-03-02,6.75,6.81,6.67,6.72,381570
PVT,2020-03-03,6.83,6.83,6.64,6.67,908470
PVT,2020-03-04,6.67,6.67,6.53,6.59,689760
PVT,2020-03-05,6.59,6.89,6.59,6.89,845310
PVT,2020-03-06,6.78,6.86,6.67,6.81,880560
PVT,2020-03-09,6.37,6.53,6.34,6.34,795780
PVT,2020-03-10,5.96,6.2,5.93,6.04,955600
PVT,2020-03-11,6.12,6.17,5.63,5.74,1624800
PVT,2020-03-12,5.38,5.48,5.33,5.33,3607650
PVT,2020-03-13,5.05,5.29,4.97,5.05,1494760
PVT,2020-03-16,4.94,4.99,4.75,4.99,838330
PVT,2020-03-17,4.72,4.88,4.64,4.88,1683950
PVT,2020-03-18,4.86,4.98,4.86,4.87,893740
PVT,2020-03-19,4.78,4.83,4.65,4.67,1359280
PVT,2020-03-20,4.78,4.8,4.5,4.64,1370200
PVT,2020-03-23,4.5,4.52,4.31,4.31,855890
PVT,2020-03-24,4.1,4.2,4.02,4.17,1719170
PVT,2020-03-25,4.23,4.46,4.23,4.46,1405940
PVT,2020-03-26,4.46,4.66,4.35,4.4,925460
PVT,2020-03-27,4.4,4.5,4.36,4.4,1489090
PVT,2020-03-30,4.23,4.23,4.09,4.21,927560
PVT,2020-03-31,4.28,4.34,4.06,4.31,723340
PVT,2020-04-01,4.31,4.58,4.28,4.44,566900
PVT,2020-04-03,4.61,4.73,4.58,4.73,1583200
PVT,2020-04-06,4.91,5.05,4.83,5.05,1736950
PVT,2020-04-07,5.16,5.16,4.78,4.99,1099570
PVT,2020-04-08,4.72,4.99,4.72,4.95,1056660
PVT,2020-04-09,4.97,5.05,4.83,4.94,3937020
PVT,2020-04-10,4.94,5.1,4.94,5.04,1111920
PVT,2020-04-13,5.1,5.19,5.04,5.04,1756360
PVT,2020-04-14,5.05,5.05,4.8,4.99,2095910
PVT,2020-04-15,4.97,4.99,4.8,4.95,2338090
PVT,2020-04-16,4.88,5.3,4.85,5.3,4075440
PVT,2020-04-17,5.65,5.65,5.54,5.65,2854200
PVT,2020-04-20,6.04,6.04,5.76,6.04,5240520
PVT,2020-04-21,5.65,6.01,5.63,5.63,5306990
PVT,2020-04-22,5.24,5.68,5.24,5.63,2594610
PVT,2020-04-23,5.76,5.87,5.48,5.54,2428720
PVT,2020-04-24,5.6,5.74,5.43,5.63,1684320
PVT,2020-04-27,5.71,5.71,5.47,5.49,1965780
PVT,2020-04-28,5.43,5.48,5.29,5.3,1693170
PVT,2020-04-29,5.32,5.4,5.3,5.4,1606990
PVT,2020-05-04,5.43,5.46,5.29,5.3,1580610
PVT,2020-05-05,5.32,5.38,5.26,5.33,982870
PVT,2020-05-06,5.38,5.47,5.38,5.47,1730360
PVT,2020-05-07,5.44,5.76,5.44,5.54,1499770
PVT,2020-05-08,5.6,5.71,5.54,5.57,2020850
PVT,2020-05-11,5.65,5.82,5.57,5.76,2568490
PVT,2020-05-12,5.76,5.87,5.65,5.85,1935580
PVT,2020-05-13,5.87,6.06,5.76,6.04,2315730
PVT,2020-05-14,5.96,6.15,5.93,5.98,2217400
PVT,2020-05-15,6.06,6.17,5.87,5.9,2103700
PVT,2020-05-18,6.04,6.04,5.87,5.96,1479810
PVT,2020-05-19,6.09,6.12,5.96,5.98,2303360
PVT,2020-05-20,5.93,5.98,5.87,5.9,1348880
PVT,2020-05-21,5.96,5.98,5.87,5.87,1592420
PVT,2020-05-22,5.87,5.93,5.76,5.76,2211380
PVT,2020-05-25,5.82,5.87,5.76,5.82,885940
PVT,2020-05-26,5.93,6.12,5.85,6.12,2624410
PVT,2020-05-27,6.15,6.28,6.04,6.04,2807430
PVT,2020-05-28,6.04,6.09,5.98,6.01,1088140
PVT,2020-05-29,5.98,6.01,5.9,5.96,1472560
PVT,2020-06-01,5.98,6.04,5.96,6.01,1139030
PVT,2020-06-02,6.04,6.34,5.96,6.15,2469950
PVT,2020-06-03,6.2,6.42,6.15,6.42,2860990
PVT,2020-06-04,6.53,6.59,6.28,6.28,2218980
PVT,2020-06-05,6.26,6.45,6.26,6.34,1410100
PVT,2020-06-08,6.39,6.53,6.39,6.45,2451190
PVT,2020-06-09,6.45,6.45,6.37,6.39,1635860
PVT,2020-06-10,6.31,6.5,6.26,6.42,1655730
PVT,2020-06-11,6.42,6.48,5.98,5.98,2413830
PVT,2020-06-12,5.6,5.93,5.6,5.9,1962440
PVT,2020-06-15,6.04,6.04,5.63,5.68,1285080
PVT,2020-06-16,5.93,5.93,5.71,5.87,795470
PVT,2020-06-17,5.87,5.9,5.79,5.9,618440
PVT,2020-06-18,5.76,5.9,5.76,5.85,405450
PVT,2020-06-19,5.9,5.93,5.85,5.9,647630
PVT,2020-06-22,6.12,6.12,5.93,6.12,842550
PVT,2020-06-23,6.06,6.2,5.96,6.01,893230
PVT,2020-06-24,6.01,6.12,5.96,5.98,620710
PVT,2020-06-25,5.87,5.98,5.85,5.96,1415960
PVT,2020-06-26,6.01,6.01,5.87,5.9,808040
PVT,2020-06-29,5.87,5.87,5.6,5.82,1103150
PVT,2020-06-30,5.82,5.87,5.57,5.82,1034720
PVT,2020-07-01,5.82,5.82,5.68,5.82,580760
PVT,2020-07-02,5.82,5.82,5.68,5.76,864080
PVT,2020-07-03,5.79,5.82,5.63,5.68,1765780
PVT,2020-07-06,5.76,5.76,5.68,5.76,619700
PVT,2020-07-07,5.79,5.82,5.71,5.74,1242910
PVT,2020-07-08,5.68,5.74,5.65,5.71,1019390
PVT,2020-07-09,5.71,5.85,5.71,5.74,1782800
PVT,2020-07-10,5.74,5.82,5.68,5.74,1118690
PVT,2020-07-13,5.79,5.82,5.71,5.71,941440
PVT,2020-07-14,5.71,5.79,5.68,5.76,1012660
PVT,2020-07-15,5.79,5.82,5.74,5.74,744020
PVT,2020-07-16,5.79,5.85,5.74,5.82,1685890
PVT,2020-07-17,5.82,5.82,5.76,5.79,448870
PVT,2020-07-20,5.79,5.79,5.71,5.71,703320
PVT,2020-07-21,5.71,5.74,5.68,5.71,1071250
PVT,2020-07-22,5.76,5.76,5.65,5.65,701560
PVT,2020-07-23,5.68,5.68,5.63,5.65,754320
PVT,2020-07-24,5.63,5.65,5.27,5.27,2381060
PVT,2020-07-27,4.97,5.13,4.9,4.9,2573800
PVT,2020-07-28,4.94,5.24,4.92,5.24,1128280
PVT,2020-07-29,5.18,5.18,4.93,5.16,1071290
PVT,2020-07-30,5.16,5.29,5.1,5.16,754740
PVT,2020-07-31,5.05,5.15,5.05,5.13,362680
PVT,2020-08-03,5.21,5.27,5.16,5.27,713830
PVT,2020-08-04,5.32,5.43,5.3,5.43,1087920
PVT,2020-08-05,5.43,5.65,5.32,5.6,1531270
PVT,2020-08-06,5.57,5.74,5.49,5.6,1052320
PVT,2020-08-07,5.57,5.63,5.49,5.57,1007950
PVT,2020-08-10,5.54,5.65,5.54,5.6,855560
PVT,2020-08-11,5.65,5.68,5.57,5.65,1058210
PVT,2020-08-12,5.68,5.96,5.65,5.96,3644530
PVT,2020-08-13,5.96,6.04,5.9,5.96,1760010
PVT,2020-08-14,5.96,6.01,5.79,5.82,1821270
PVT,2020-08-17,5.85,5.93,5.76,5.93,1316830
PVT,2020-08-18,5.93,6.15,5.93,6.04,1910670
PVT,2020-08-19,6.04,6.12,5.93,6.04,914130
PVT,2020-08-20,6.04,6.04,5.93,5.96,784810
PVT,2020-08-21,5.98,6.06,5.93,5.98,1543100
PVT,2020-08-24,6.04,6.09,5.98,6.04,2342890
PVT,2020-08-25,6.06,6.12,5.98,5.98,1547620
PVT,2020-08-26,5.98,6.26,5.98,6.15,3453880
PVT,2020-08-27,6.15,6.2,6.09,6.15,1019160
PVT,2020-08-28,6.26,6.31,6.2,6.23,2365230
PVT,2020-08-31,6.31,6.39,6.26,6.37,2820560
PVT,2020-09-01,6.42,6.59,6.39,6.53,2974670
PVT,2020-09-03,6.59,6.64,6.45,6.5,2647810
PVT,2020-09-04,6.37,6.48,6.37,6.45,2758920
PVT,2020-09-07,6.42,6.45,6.26,6.26,2994900
PVT,2020-09-08,6.26,6.39,6.23,6.39,1054000
PVT,2020-09-09,6.26,6.34,6.26,6.31,1440290
PVT,2020-09-10,6.39,6.39,6.34,6.37,696140
PVT,2020-09-11,6.34,6.39,6.31,6.37,653530
PVT,2020-09-14,6.37,6.42,6.34,6.37,2051000
PVT,2020-09-15,6.42,6.72,6.37,6.64,3748960
PVT,2020-09-16,6.64,6.92,6.64,6.89,3452290
PVT,2020-09-17,6.89,6.92,6.72,6.81,2387830
PVT,2020-09-18,6.81,6.83,6.75,6.83,1358210
PVT,2020-09-21,6.89,6.89,6.81,6.81,2245290
PVT,2020-09-22,6.78,6.86,6.72,6.81,1957450
PVT,2020-09-23,6.83,7.08,6.83,7.0,2866610
PVT,2020-09-24,7.0,7.22,6.97,7.22,3321520
PVT,2020-09-25,7.22,7.27,7.14,7.22,1971860
PVT,2020-09-28,7.38,7.52,7.35,7.49,2970740
PVT,2020-09-29,7.55,7.57,7.33,7.41,3717450
PVT,2020-09-30,7.35,7.41,7.24,7.38,1660170
PVT,2020-10-01,7.41,7.52,7.38,7.46,1945270
PVT,2020-10-02,7.52,7.74,7.44,7.74,5052360
PVT,2020-10-05,7.96,8.1,7.9,8.01,3371920
PVT,2020-10-06,8.07,8.1,7.82,7.88,3080230
PVT,2020-10-07,7.85,7.88,7.71,7.74,3544480
PVT,2020-10-08,7.82,7.82,7.6,7.68,2200160
PVT,2020-10-09,7.74,7.77,7.63,7.66,1462350
PVT,2020-10-12,7.63,7.71,7.46,7.49,3133260
PVT,2020-10-13,7.49,7.52,7.19,7.27,3496500
PVT,2020-10-14,7.27,7.49,7.27,7.41,3753290
PVT,2020-10-15,7.46,7.49,7.27,7.35,3537770
PVT,2020-10-16,7.35,7.49,7.3,7.41,1455670
PVT,2020-10-19,7.49,7.55,7.41,7.55,2030130
PVT,2020-10-20,7.55,7.57,7.46,7.49,1498040
PVT,2020-10-21,7.52,7.57,7.46,7.52,1950040
PVT,2020-10-22,7.49,7.52,7.41,7.52,1862730
PVT,2020-10-23,7.55,7.55,7.46,7.46,1365080
PVT,2020-10-26,7.46,7.49,7.33,7.33,1918190
PVT,2020-10-27,7.22,7.3,7.14,7.24,2958300
PVT,2020-10-28,7.19,7.3,7.16,7.22,1437720
PVT,2020-10-29,7.16,7.22,7.05,7.19,1653130
PVT,2020-10-30,7.16,7.27,7.16,7.22,1302710
PVT,2020-11-02,7.19,7.41,7.14,7.35,925370
PVT,2020-11-03,7.46,7.46,7.35,7.35,1503440
PVT,2020-11-04,7.41,7.68,7.38,7.63,3401960
PVT,2020-11-05,7.57,7.63,7.49,7.52,1564860
PVT,2020-11-06,7.52,7.57,7.49,7.57,808760
PVT,2020-11-09,7.63,7.79,7.63,7.74,2715540
PVT,2020-11-10,8.07,8.07,7.77,7.79,3761070
PVT,2020-11-11,7.9,7.96,7.77,7.88,3107790
PVT,2020-11-12,7.96,8.07,7.93,8.07,4083220
PVT,2020-11-13,8.18,8.18,8.07,8.1,3781280
PVT,2020-11-16,8.12,8.15,7.96,7.99,3852300
PVT,2020-11-17,8.04,8.1,7.93,8.1,3281840
PVT,2020-11-18,8.1,8.18,8.07,8.12,2113810
PVT,2020-11-19,8.12,8.4,8.12,8.32,3362010
PVT,2020-11-20,8.23,8.34,8.23,8.29,2268070
PVT,2020-11-23,8.32,8.34,8.23,8.29,2203280
PVT,2020-11-24,8.32,8.32,8.1,8.18,3485340
PVT,2020-11-25,8.26,8.29,8.18,8.18,3276360
PVT,2020-11-26,8.43,8.56,8.3,8.43,3646350
PVT,2020-11-27,8.46,8.46,8.3,8.33,1763950
PVT,2020-11-30,8.33,8.37,8.14,8.14,3217300
PVT,2020-12-01,8.08,8.17,8.01,8.14,2782450
PVT,2020-12-02,8.14,8.24,8.11,8.14,3411270
PVT,2020-12-03,8.24,8.33,8.17,8.27,3003770
PVT,2020-12-04,8.33,8.43,8.3,8.33,2272620
PVT,2020-12-07,8.37,8.4,8.3,8.33,2308570
PVT,2020-12-08,8.33,8.37,8.27,8.33,2761420
PVT,2020-12-09,8.3,8.72,8.3,8.66,6708490
PVT,2020-12-10,8.66,8.72,8.46,8.46,3105870
PVT,2020-12-11,8.53,8.63,8.5,8.59,3321450
PVT,2020-12-14,8.63,8.76,8.59,8.72,3563810
PVT,2020-12-15,8.72,8.79,8.63,8.69,2828040
PVT,2020-12-16,8.72,8.82,8.63,8.69,2990750
PVT,2020-12-17,8.69,8.76,8.53,8.63,5423910
PVT,2020-12-18,8.63,8.66,8.56,8.59,3014020
PVT,2020-12-21,8.66,8.72,8.59,8.59,3526610
PVT,2020-12-22,8.59,8.69,8.53,8.59,3517320
PVT,2020-12-23,8.59,8.66,8.53,8.56,3208900
PVT,2020-12-24,8.63,8.63,8.17,8.37,3437160
PVT,2020-12-25,8.37,8.46,8.27,8.46,1956630
PVT,2020-12-28,8.5,9.05,8.5,8.98,8694730
PVT,2020-12-29,9.05,9.15,8.85,8.95,4003180
PVT,2020-12-30,8.95,9.05,8.89,8.95,3475220
PVT,2020-12-31,8.98,9.18,8.85,9.08,4245990
PVT,2021-01-04,9.21,9.57,9.18,9.44,4714100
PVT,2021-01-05,9.4,9.47,9.28,9.37,2691500
PVT,2021-01-06,9.53,9.57,9.34,9.37,4842600
PVT,2021-01-07,9.37,9.66,9.31,9.6,6174700
PVT,2021-01-08,9.6,9.96,9.6,9.76,4393200
PVT,2021-01-11,9.89,9.99,9.76,9.92,3306200
PVT,2021-01-12,9.92,9.96,9.73,9.92,3708100
PVT,2021-01-13,9.99,10.02,9.66,9.76,4694000
PVT,2021-01-14,9.73,9.79,9.53,9.76,4030100
PVT,2021-01-15,9.86,10.44,9.73,10.44,10603800
PVT,2021-01-18,10.7,11.16,10.67,11.16,8978900
PVT,2021-01-19,11.42,11.74,10.38,10.77,9396000
PVT,2021-01-20,10.9,11.32,10.05,11.22,10331300
PVT,2021-01-21,11.64,12.0,11.29,12.0,9629900
PVT,2021-01-22,12.19,12.81,12.19,12.71,11737200
PVT,2021-01-25,12.45,12.71,12.13,12.13,7885000
PVT,2021-01-26,12.1,12.26,11.29,11.55,9483900
PVT,2021-01-27,11.16,11.58,10.77,10.77,8633400
PVT,2021-01-28,10.02,10.38,10.02,10.02,7204400
PVT,2021-01-29,9.37,10.64,9.37,10.38,7749200
PVT,2021-02-01,10.18,10.51,9.66,9.66,7416200
PVT,2021-02-02,9.53,10.05,9.08,9.99,5912100
PVT,2021-02-03,10.25,10.67,9.99,10.64,8099200
PVT,2021-02-04,10.67,10.99,10.38,10.67,5136900
PVT,2021-02-05,10.7,10.93,10.7,10.77,3610800
PVT,2021-02-08,10.9,11.09,10.15,10.41,7357400
PVT,2021-02-09,10.6,10.77,10.25,10.64,4540200
PVT,2021-02-17,11.03,11.35,10.96,11.35,5865500
PVT,2021-02-18,11.87,12.0,11.42,11.61,8796100
PVT,2021-02-19,11.32,11.58,11.22,11.29,6005700
PVT,2021-02-22,11.25,11.45,11.09,11.35,7104000
PVT,2021-02-23,11.67,11.67,11.42,11.45,5320600
PVT,2021-02-24,11.42,11.45,11.06,11.09,4549800
PVT,2021-02-25,11.22,11.29,11.03,11.16,3547100
PVT,2021-02-26,10.9,11.12,10.9,11.06,4408700
PVT,2021-03-01,11.16,11.48,11.16,11.45,4314900
PVT,2021-03-02,11.45,11.48,11.22,11.29,4480100
PVT,2021-03-03,11.22,11.35,11.12,11.29,3394000
PVT,2021-03-04,11.45,11.9,11.32,11.61,10506700
PVT,2021-03-05,11.93,12.06,11.67,12.0,7566000
PVT,2021-03-08,12.45,12.52,12.0,12.16,5673100
PVT,2021-03-09,11.71,11.87,11.61,11.67,5611000
PVT,2021-03-10,11.48,11.97,11.35,11.8,5409200
PVT,2021-03-11,12.0,12.0,11.67,11.8,3515500
PVT,2021-03-12,11.87,11.87,11.67,11.71,3616500
PVT,2021-03-15,11.71,11.97,11.61,11.87,5003700
PVT,2021-03-16,11.8,11.84,11.55,11.67,2932300
PVT,2021-03-17,11.61,11.93,11.58,11.8,4160000
PVT,2021-03-18,11.8,11.93,11.71,11.77,3066700
PVT,2021-03-19,11.48,11.67,11.42,11.55,4238600
PVT,2021-03-22,11.67,11.77,11.48,11.58,2175100
PVT,2021-03-23,11.58,11.58,11.38,11.45,2940400
PVT,2021-03-24,11.09,11.42,11.03,11.09,4027900
PVT,2021-03-25,11.16,11.35,10.96,10.96,3164600
PVT,2021-03-26,10.83,10.99,10.22,10.77,5421000
PVT,2021-03-29,11.06,11.12,10.9,11.09,2332600
PVT,2021-03-30,11.12,11.16,10.96,11.16,2468300
PVT,2021-03-31,10.99,11.16,10.99,11.06,1996000
PVT,2021-04-01,11.16,11.38,11.09,11.35,2842500
PVT,2021-04-02,11.51,11.61,11.35,11.42,2665300
PVT,2021-04-05,11.48,11.58,11.29,11.38,2168900
PVT,2021-04-06,11.22,11.35,11.09,11.29,3001900
PVT,2021-04-07,11.38,11.48,11.25,11.48,2957600
PVT,2021-04-08,11.48,11.61,11.38,11.48,2642500
PVT,2021-04-09,11.51,11.8,11.48,11.67,5790100
PVT,2021-04-12,11.77,11.77,11.55,11.61,3357200
PVT,2021-04-13,11.67,11.71,11.29,11.35,4045400
PVT,2021-04-14,11.29,11.77,10.57,11.64,6175800
PVT,2021-04-15,11.8,11.8,11.38,11.38,3702500
PVT,2021-04-16,11.38,11.42,11.06,11.22,3342500
PVT,2021-04-19,11.12,11.38,11.03,11.35,2654800
PVT,2021-04-20,11.35,11.45,11.06,11.06,3173500
PVT,2021-04-22,11.03,11.09,10.44,10.44,3653500
PVT,2021-04-23,10.51,10.83,10.38,10.83,3105200
PVT,2021-04-26,10.83,10.83,10.38,10.38,2121600
PVT,2021-04-27,10.38,10.67,10.25,10.51,2244200
PVT,2021-04-28,10.51,10.7,10.48,10.48,1720200
PVT,2021-04-29,10.7,10.7,10.51,10.51,1258100
PVT,2021-05-04,10.25,10.51,10.25,10.51,1938100
PVT,2021-05-05,10.7,11.22,10.64,11.19,3799200
PVT,2021-05-06,11.16,11.25,10.86,10.9,2115200
PVT,2021-05-07,10.77,10.86,10.38,10.57,2725800
PVT,2021-05-10,10.51,10.77,10.41,10.67,2342100
PVT,2021-05-11,10.67,11.09,10.6,10.77,2688300
PVT,2021-05-12,10.77,11.03,10.77,10.93,1820300
PVT,2021-05-13,10.93,11.03,10.8,10.83,2995400
PVT,2021-05-14,10.83,10.86,10.64,10.7,1747700
PVT,2021-05-17,10.73,10.83,10.57,10.57,1606100
PVT,2021-05-18,10.64,10.7,10.41,10.6,2260300
PVT,2021-05-19,10.6,10.6,10.41,10.48,1725400
PVT,2021-05-20,10.38,10.51,10.35,10.48,2696700
PVT,2021-05-21,10.38,10.96,10.35,10.77,3605200
PVT,2021-05-24,10.96,10.99,10.8,10.86,2005400
PVT,2021-05-25,10.96,11.16,10.9,10.96,3872100
PVT,2021-05-26,10.9,11.48,10.7,11.32,7124600
PVT,2021-05-27,11.35,11.55,11.22,11.29,4301000
PVT,2021-05-28,11.55,11.8,11.38,11.67,7797600
PVT,2021-05-31,11.74,11.8,11.35,11.71,6136200
PVT,2021-06-01,12.13,12.26,11.97,12.0,4961800
PVT,2021-06-02,12.19,12.26,11.93,12.06,5627300
PVT,2021-06-03,12.26,12.32,12.06,12.16,4960900
PVT,2021-06-04,12.06,13.0,11.8,13.0,12469200
PVT,2021-06-07,13.62,13.88,13.04,13.59,9945900
PVT,2021-06-08,13.1,13.46,12.65,12.65,7578900
PVT,2021-06-09,12.65,13.26,12.23,12.94,10594800
PVT,2021-06-10,12.68,12.97,12.39,12.58,4190800
PVT,2021-06-11,12.78,13.36,12.58,13.13,6492300
PVT,2021-06-14,13.49,14.01,13.3,13.75,9522600
PVT,2021-06-15,13.82,14.24,13.56,13.75,6285400
PVT,2021-06-16,13.98,14.2,13.46,13.62,7749700
PVT,2021-06-17,13.36,13.95,13.3,13.75,6685400
PVT,2021-06-18,13.65,13.69,13.39,13.52,4969700
PVT,2021-06-21,13.72,13.95,13.62,13.69,4032800
PVT,2021-06-22,13.98,14.2,13.72,13.72,4941000
PVT,2021-06-23,13.82,14.07,13.62,14.01,5857800
PVT,2021-06-24,14.07,14.11,13.3,13.62,3755000
PVT,2021-06-25,13.72,13.95,13.49,13.78,3806400
PVT,2021-06-28,13.95,14.24,13.95,14.01,6316700
PVT,2021-06-29,13.88,13.91,13.65,13.69,4335900
PVT,2021-06-30,13.72,13.91,13.62,13.62,3599300
PVT,2021-07-01,13.62,13.75,12.68,13.52,6923400
PVT,2021-07-02,13.82,13.88,13.43,13.56,2799000
PVT,2021-07-05,13.62,13.62,12.87,13.04,5654500
PVT,2021-07-06,13.2,13.3,12.13,12.13,5450700
PVT,2021-07-07,12.06,12.36,11.67,12.19,5231500
PVT,2021-07-08,12.19,12.45,11.74,12.03,3201200
PVT,2021-07-09,11.8,12.1,11.29,11.42,4620000
PVT,2021-07-12,11.29,11.55,10.86,11.51,6334900
PVT,2021-07-13,11.8,11.87,11.55,11.84,2739400
PVT,2021-07-14,11.9,12.19,11.8,12.0,3560500
PVT,2021-07-15,11.74,12.19,11.74,12.1,2466500
PVT,2021-07-16,12.06,12.16,11.87,11.9,1672200
PVT,2021-07-19,11.42,11.67,11.09,11.09,4982900
PVT,2021-07-20,10.7,11.38,10.64,11.38,4290100
PVT,2021-07-21,11.45,11.61,11.29,11.35,1903300
PVT,2021-07-22,11.61,11.9,11.42,11.77,3173700
PVT,2021-07-23,11.67,11.84,11.42,11.42,2282500
PVT,2021-07-26,11.32,11.74,11.19,11.61,1633200
PVT,2021-07-27,11.8,12.19,11.71,11.9,2965500
PVT,2021-07-28,11.93,11.97,11.74,11.87,1032800
PVT,2021-07-29,11.87,12.06,11.8,12.06,3581200
PVT,2021-07-30,12.1,12.13,11.97,12.0,2282200
PVT,2021-08-02,12.16,12.52,12.06,12.39,3573000
PVT,2021-08-03,12.42,12.71,12.26,12.45,3406500
PVT,2021-08-04,12.58,12.75,12.36,12.52,3231700
PVT,2021-08-05,12.39,12.52,12.32,12.49,2620500
PVT,2021-08-06,12.52,12.62,12.39,12.39,3532400
PVT,2021-08-09,12.19,13.04,12.19,13.0,6417100
PVT,2021-08-10,13.3,13.36,13.1,13.36,5088500
PVT,2021-08-11,13.43,13.82,13.3,13.3,6588500
PVT,2021-08-12,13.1,13.78,13.04,13.36,5575300
PVT,2021-08-13,13.39,14.27,13.33,14.27,14132600
PVT,2021-08-16,14.85,15.24,14.5,14.69,8739000
PVT,2021-08-17,14.85,15.4,14.53,15.05,7939400
PVT,2021-08-18,14.92,15.44,14.72,15.05,6430700
PVT,2021-08-19,14.92,15.18,14.72,14.89,6203500
PVT,2021-08-20,14.76,15.11,13.85,13.85,13393700
PVT,2021-08-23,13.75,13.88,12.94,12.97,8413500
PVT,2021-08-24,13.23,13.43,12.97,13.36,5661000
PVT,2021-08-25,13.43,13.59,13.1,13.59,3953400
PVT,2021-08-26,13.56,14.24,13.46,13.91,6409400
PVT,2021-08-27,13.62,14.3,13.62,14.24,5616400
PVT,2021-08-30,14.46,14.53,14.2,14.27,4078700
PVT,2021-08-31,14.3,14.89,14.2,14.66,8702800
PVT,2021-09-01,14.63,15.18,14.53,15.08,7676600
PVT,2021-09-06,15.63,16.12,15.6,16.12,10607200
PVT,2021-09-07,16.15,16.22,15.05,15.24,10775000
PVT,2021-09-08,15.21,15.5,15.05,15.47,8691900
PVT,2021-09-09,15.57,16.15,15.47,15.89,5597000
PVT,2021-09-10,15.89,16.15,15.66,15.66,5913300
PVT,2021-09-13,15.66,16.02,15.27,15.79,8774700
PVT,2021-09-14,15.79,16.09,15.44,15.47,5206900
PVT,2021-09-15,15.37,15.89,15.27,15.76,4414900
PVT,2021-09-16,15.89,16.02,15.5,15.7,5107200
PVT,2021-09-17,15.79,16.54,15.63,16.09,10999100
PVT,2021-09-20,16.28,16.34,15.63,15.63,10228700
PVT,2021-09-21,15.24,15.86,15.24,15.79,6924600
PVT,2021-09-22,15.89,15.89,15.4,15.53,7585000
PVT,2021-09-23,15.6,15.6,15.27,15.27,8578800
PVT,2021-09-24,15.27,15.4,14.63,14.72,10920700
PVT,2021-09-27,14.79,15.08,14.46,14.53,4099400
PVT,2021-09-28,14.46,15.31,14.14,15.11,4754200
PVT,2021-09-29,15.11,15.18,14.66,14.98,3283500
PVT,2021-09-30,14.98,15.21,14.95,14.98,2332000
PVT,2021-10-01,14.85,15.27,14.85,15.11,4639400
PVT,2021-10-04,15.27,15.83,15.27,15.57,6990800
PVT,2021-10-05,15.7,15.73,15.27,15.5,4223400
PVT,2021-10-06,15.63,15.76,15.4,15.5,3973800
PVT,2021-10-07,15.47,16.12,15.24,15.99,9477100
PVT,2021-10-08,15.99,16.09,15.83,15.92,4232900
PVT,2021-10-11,15.99,16.12,15.83,15.92,3536200
PVT,2021-10-12,15.89,16.51,15.76,16.02,9712700
PVT,2021-10-13,16.22,16.22,15.86,15.92,3548300
PVT,2021-10-14,15.92,16.67,15.92,16.44,8674900
PVT,2021-10-15,16.47,16.67,16.15,16.28,4471300
PVT,2021-10-18,16.28,16.67,16.22,16.34,4809600
PVT,2021-10-19,16.34,16.34,15.89,15.89,4278100
PVT,2021-10-20,15.96,16.02,15.63,15.83,5686200
PVT,2021-10-21,15.99,16.22,15.96,15.96,2953400
PVT,2021-10-22,16.09,16.18,15.96,16.02,2436300
PVT,2021-10-25,16.22,16.51,16.05,16.05,5195500
PVT,2021-10-26,16.09,16.22,15.86,16.02,3049100
PVT,2021-10-27,16.25,16.86,16.05,16.86,6562400
PVT,2021-10-28,16.86,16.86,16.34,16.41,6391400
PVT,2021-10-29,16.41,16.47,16.09,16.18,6284600
PVT,2021-11-01,16.41,16.67,16.09,16.18,5950000
PVT,2021-11-02,16.18,16.54,16.09,16.44,4236600
PVT,2021-11-03,16.54,16.64,16.02,16.05,5753500
PVT,2021-11-04,15.99,16.28,15.89,16.05,3994100
PVT,2021-11-05,16.18,16.38,16.12,16.15,3172400
PVT,2021-11-08,16.38,16.67,16.28,16.41,4552100
PVT,2021-11-09,16.54,17.54,16.38,17.54,8959900
PVT,2021-11-10,17.61,17.87,17.51,17.58,5342000
PVT,2021-11-11,17.71,17.71,16.9,17.11,3726400
PVT,2021-11-12,16.9,17.68,16.63,17.24,5454100
PVT,2021-11-15,17.27,18.02,17.11,17.58,5660300
PVT,2021-11-16,17.44,18.18,17.17,17.64,5514200
PVT,2021-11-17,17.64,17.81,17.38,17.38,3474000
PVT,2021-11-18,17.38,17.38,16.7,16.84,7022500
PVT,2021-11-19,16.7,16.74,15.66,16.5,10350500
PVT,2021-11-22,16.16,16.16,15.49,15.49,3703300
PVT,2021-11-23,15.62,16.4,15.56,16.4,2055900
PVT,2021-11-24,16.43,16.57,15.99,16.16,2843800
PVT,2021-11-25,16.2,16.37,15.96,16.03,2542300
PVT,2021-11-26,15.96,16.33,15.83,16.06,2783900
PVT,2021-11-29,15.49,15.96,15.49,15.89,2394200
PVT,2021-11-30,16.1,16.5,15.86,15.89,2970400
PVT,2021-12-01,15.89,16.3,15.89,16.16,2025800
PVT,2021-12-02,16.16,16.5,16.16,16.16,2280200
PVT,2021-12-03,16.23,16.23,15.56,15.56,1996600
PVT,2021-12-06,15.56,15.69,14.48,14.82,2959200
PVT,2021-12-07,15.15,15.59,14.98,15.49,2075200
PVT,2021-12-08,15.83,15.83,15.29,15.29,1191800
PVT,2021-12-09,15.46,15.69,15.29,15.59,1263300
PVT,2021-12-10,15.46,15.73,15.46,15.73,1432200
PVT,2021-12-13,15.89,16.1,15.76,16.1,1951000
PVT,2021-12-14,16.13,16.77,15.83,16.3,2826500
PVT,2021-12-15,16.23,16.7,16.23,16.4,3477400
PVT,2021-12-16,16.4,16.47,16.03,16.23,2837800
PVT,2021-12-17,16.23,16.43,16.03,16.16,2404000
PVT,2021-12-20,15.93,15.99,15.49,15.59,2499900
PVT,2021-12-21,15.59,15.83,15.39,15.66,1435000
PVT,2021-12-22,15.79,15.86,15.35,15.35,2376800
PVT,2021-12-23,15.42,16.13,15.25,15.96,3064700
PVT,2021-12-24,16.1,16.33,15.96,16.03,2176300
PVT,2021-12-27,16.3,16.33,16.03,16.16,3105800
PVT,2021-12-28,16.43,16.43,15.99,15.99,3349800
PVT,2021-12-29,16.1,16.1,15.83,15.96,2122800
PVT,2021-12-30,15.99,16.3,15.96,16.03,1717500
PVT,2021-12-31,16.03,16.37,15.86,16.23,3071100
PVT,2022-01-04,16.43,17.11,16.3,16.97,5887700
PVT,2022-01-05,17.17,17.21,16.7,16.77,3523500
PVT,2022-01-06,16.6,17.14,16.57,16.74,2807900
PVT,2022-01-07,16.97,17.11,16.84,16.84,3965000
PVT,2022-01-10,16.77,17.04,16.16,16.16,3735200
PVT,2022-01-11,16.16,16.23,15.76,15.76,2974100
PVT,2022-01-12,15.96,16.5,15.52,16.1,3181400
PVT,2022-01-13,16.4,16.4,15.56,15.56,2487300
PVT,2022-01-14,15.25,15.89,15.22,15.69,1530300
PVT,2022-01-17,15.96,16.06,14.75,14.78,3172400
PVT,2022-01-18,14.58,15.22,13.77,14.14,3977900
PVT,2022-01-19,14.41,14.61,14.14,14.34,2156800
PVT,2022-01-20,14.34,14.98,14.14,14.98,1365700
PVT,2022-01-21,14.95,15.12,14.65,14.68,2193000
PVT,2022-01-24,14.82,15.09,14.14,14.58,2553900
PVT,2022-01-25,14.31,14.68,14.14,14.48,1422200
PVT,2022-01-26,14.61,14.75,14.38,14.41,1708100
PVT,2022-01-27,14.65,14.65,14.08,14.14,1890100
PVT,2022-01-28,14.28,14.48,13.87,14.28,1921700
PVT,2022-02-07,14.82,14.95,14.61,14.75,1551900
PVT,2022-02-08,14.82,15.12,14.68,14.98,1424500
PVT,2022-02-09,15.09,15.62,14.98,15.49,2237400
PVT,2022-02-10,15.76,15.79,15.39,15.56,1591900
PVT,2022-02-11,15.56,15.79,15.35,15.39,1430100
PVT,2022-02-14,15.42,15.83,15.42,15.62,2893000
PVT,2022-02-15,15.73,15.73,15.29,15.35,1599800
PVT,2022-02-16,15.29,15.49,15.19,15.46,1518300
PVT,2022-02-17,15.46,15.96,15.39,15.52,4751400
PVT,2022-02-18,15.49,15.76,15.39,15.42,1519200
PVT,2022-02-21,15.46,15.69,15.39,15.49,2110500
PVT,2022-02-22,15.42,15.86,15.39,15.66,3956300
PVT,2022-02-23,15.89,16.74,15.76,16.74,10558400
PVT,2022-02-24,16.7,17.34,16.53,16.84,8880500
PVT,2022-02-25,16.77,16.9,16.3,16.37,3829400
PVT,2022-02-28,16.5,17.31,16.43,16.77,5945500
PVT,2022-03-01,16.84,17.07,16.74,16.84,4572700
PVT,2022-03-02,17.71,17.78,17.27,17.51,9083500
PVT,2022-03-03,17.85,18.72,17.44,18.72,16894900
PVT,2022-03-04,18.86,19.19,18.22,18.45,5329600
PVT,2022-03-07,19.19,19.73,18.86,19.6,7833800
PVT,2022-03-08,18.92,19.46,18.65,18.65,8899100
PVT,2022-03-09,18.89,19.87,18.32,19.16,12877500
PVT,2022-03-10,19.06,19.06,18.52,18.62,5822400
PVT,2022-03-11,18.39,18.86,17.38,17.71,9261700
PVT,2022-03-14,17.38,17.58,16.6,16.6,9150400
PVT,2022-03-15,16.3,17.48,16.1,17.17,5572900
PVT,2022-03-16,17.24,17.48,16.97,17.04,2645100
PVT,2022-03-17,17.0,17.68,16.7,17.38,4745000
PVT,2022-03-18,17.78,17.85,17.38,17.38,4453900
PVT,2022-03-21,17.51,17.78,17.14,17.51,4150200
PVT,2022-03-22,17.85,18.05,17.58,17.75,4420400
PVT,2022-03-23,17.75,17.85,17.24,17.31,4302600
PVT,2022-03-24,17.61,17.64,17.24,17.24,3525600
PVT,2022-03-25,17.17,17.41,17.04,17.24,4033000
PVT,2022-03-28,17.04,17.78,17.0,17.51,3593400
PVT,2022-03-29,17.51,18.12,17.31,17.98,6931700
PVT,2022-03-30,17.78,18.12,17.24,17.24,4563500
PVT,2022-03-31,17.38,17.64,16.94,17.31,3031800
PVT,2022-04-01,16.97,17.31,16.7,17.04,4066200
PVT,2022-04-04,17.38,17.38,16.77,16.9,4344100
PVT,2022-04-05,17.04,17.24,16.84,16.87,2927200
PVT,2022-04-06,16.84,16.97,16.4,16.5,4859100
PVT,2022-04-07,16.5,16.9,16.4,16.63,3706000
PVT,2022-04-08,16.7,16.77,16.03,16.03,2629100
PVT,2022-04-12,16.06,16.33,15.49,15.49,4786400
PVT,2022-04-13,15.83,15.96,15.35,15.86,3018400
PVT,2022-04-14,15.89,16.5,15.86,16.03,2496900
PVT,2022-04-15,16.06,16.33,15.76,15.83,2060700
PVT,2022-04-18,15.66,16.06,14.95,15.15,3873200
PVT,2022-04-19,15.32,15.83,15.09,15.49,3770800
PVT,2022-04-20,15.42,15.66,14.48,14.48,3631800
PVT,2022-04-21,14.24,15.02,13.54,14.14,6094800
PVT,2022-04-22,14.28,14.65,13.17,13.47,7286600
PVT,2022-04-25,13.6,13.67,12.53,12.53,3681700
PVT,2022-04-26,11.82,13.13,11.82,13.13,5087400
PVT,2022-04-27,13.07,13.4,12.73,13.23,2732200
PVT,2022-04-28,13.2,13.57,13.07,13.07,2226800
PVT,2022-04-29,13.1,13.67,13.1,13.67,3723100
PVT,2022-05-04,13.7,14.21,13.64,13.81,2600900
PVT,2022-05-05,14.08,14.24,13.37,13.81,2962000
PVT,2022-05-06,13.4,13.6,12.96,12.96,2209700
PVT,2022-05-09,12.8,13.07,12.09,12.09,6043500
PVT,2022-05-10,11.65,12.69,11.65,12.59,3496100
PVT,2022-05-11,12.73,12.96,12.59,12.76,2240300
PVT,2022-05-12,12.8,12.9,11.89,11.89,3188400
PVT,2022-05-13,12.12,12.19,11.08,11.15,5314200
PVT,2022-05-16,11.72,11.92,11.65,11.92,3582300
PVT,2022-05-17,11.92,12.73,11.89,12.73,2694700
PVT,2022-05-18,12.73,13.07,12.53,12.69,2821000
PVT,2022-05-19,12.19,13.44,12.16,13.13,4565500
PVT,2022-05-20,13.27,13.54,12.83,13.07,2604500
PVT,2022-05-23,13.2,13.47,12.9,13.13,2333600
PVT,2022-05-24,12.93,13.17,12.26,13.0,3494200
PVT,2022-05-25,13.13,13.91,13.03,13.91,4664100
PVT,2022-05-26,14.01,14.08,13.7,13.91,3183200
PVT,2022-05-27,13.94,14.11,13.7,13.77,2566800
PVT,2022-05-30,14.04,14.38,13.81,13.94,3064000
PVT,2022-05-31,14.01,14.61,13.84,14.41,4237400
PVT,2022-06-01,14.28,15.15,14.28,15.05,4819000
PVT,2022-06-02,14.82,15.09,14.34,14.51,4393300
PVT,2022-06-03,14.55,14.75,14.45,14.58,2510000
PVT,2022-06-06,14.95,15.15,14.58,14.72,5528300
PVT,2022-06-07,14.72,15.66,14.18,15.66,6282700
PVT,2022-06-08,15.86,16.2,15.62,15.69,5435900
PVT,2022-06-09,15.76,15.96,15.59,15.79,3524900
PVT,2022-06-10,15.56,15.76,14.72,14.72,6275500
PVT,2022-06-13,13.94,14.48,13.7,13.7,6512400
PVT,2022-06-14,13.64,14.28,13.47,14.14,3663800
PVT,2022-06-15,14.08,14.41,13.5,13.7,2783800
PVT,2022-06-16,14.01,14.48,13.77,14.18,3459000
PVT,2022-06-17,13.67,14.68,13.33,14.41,4445900
PVT,2022-06-20,14.28,14.34,13.44,13.44,3975000
PVT,2022-06-21,13.17,14.04,12.93,13.37,3889600
PVT,2022-06-22,13.47,13.81,12.46,12.46,4409600
PVT,2022-06-23,12.19,13.27,12.19,13.27,2139300
PVT,2022-06-24,13.6,13.6,12.93,12.93,1310300
PVT,2022-06-27,13.2,13.6,13.2,13.57,2128700
PVT,2022-06-28,13.81,14.24,13.67,14.14,2861300
PVT,2022-06-29,14.14,14.65,13.94,14.48,3309300
PVT,2022-06-30,14.55,14.68,13.6,13.6,3552600
PVT,2022-07-01,13.5,13.91,13.2,13.81,3081100
PVT,2022-07-04,14.01,14.08,13.57,13.81,1655500
PVT,2022-07-05,13.81,14.01,13.47,13.64,2889000
PVT,2022-07-06,13.07,13.4,12.69,12.69,3517200
PVT,2022-07-07,12.49,12.8,12.19,12.46,1816000
PVT,2022-07-08,12.8,13.0,12.66,12.83,798200
PVT,2022-07-11,12.59,12.93,12.46,12.53,1352300
PVT,2022-07-12,12.56,13.2,12.53,13.13,1739500
PVT,2022-07-13,12.8,13.07,12.8,12.9,1984200
PVT,2022-07-14,13.03,13.1,12.9,12.96,963700
PVT,2022-07-15,13.03,13.07,12.8,12.8,1669500
PVT,2022-07-18,12.96,13.2,12.86,13.2,1588500
PVT,2022-07-19,13.37,13.6,13.27,13.37,1296600
PVT,2022-07-20,13.6,13.6,13.37,13.4,3186300
PVT,2022-07-21,13.4,13.47,13.27,13.44,1287200
PVT,2022-07-22,13.44,13.6,13.2,13.2,1459200
PVT,2022-07-25,13.13,13.13,12.73,12.76,1515700
PVT,2022-07-26,12.86,13.0,12.8,12.8,1057200
PVT,2022-07-27,12.76,12.76,12.66,12.66,1040900
PVT,2022-07-28,12.96,13.0,12.8,12.93,1527600
PVT,2022-07-29,13.0,13.03,12.73,12.73,1693900
PVT,2022-08-01,12.73,13.2,12.73,13.2,2230200
PVT,2022-08-02,13.2,13.4,13.0,13.33,2674500
PVT,2022-08-03,13.33,13.94,13.23,13.87,3177000
PVT,2022-08-04,13.87,13.87,13.6,13.77,2341600
PVT,2022-08-05,13.64,14.34,13.57,14.14,3919600
PVT,2022-08-08,14.14,14.38,14.08,14.18,2395000
PVT,2022-08-09,14.21,14.41,14.14,14.24,1972100
PVT,2022-08-10,14.14,14.48,14.04,14.28,1979400
PVT,2022-08-11,14.48,14.68,14.01,14.14,2733000
PVT,2022-08-12,14.21,14.34,14.04,14.21,1471600
PVT,2022-08-15,14.34,14.45,14.21,14.21,1774100
PVT,2022-08-16,14.14,14.41,14.04,14.14,1608000
PVT,2022-08-17,14.28,14.34,13.94,14.14,1769100
PVT,2022-08-18,14.14,14.21,13.94,13.94,1225900
PVT,2022-08-19,14.14,14.55,13.97,14.04,2974300
PVT,2022-08-22,13.97,14.24,13.97,14.08,1603800
PVT,2022-08-23,14.01,14.75,14.01,14.68,5571900
PVT,2022-08-24,14.78,14.85,14.51,14.61,2888200
PVT,2022-08-25,14.72,15.15,14.58,14.95,4018900
PVT,2022-08-26,14.95,14.98,14.55,14.61,2159700
PVT,2022-08-29,14.34,15.42,14.14,15.09,5413000
PVT,2022-08-30,15.29,15.42,14.95,14.95,3162500
PVT,2022-08-31,14.85,15.09,14.68,14.68,2655500
PVT,2022-09-05,14.75,15.35,14.75,15.22,3330900
PVT,2022-09-06,15.59,15.62,15.25,15.25,3214700
PVT,2022-09-07,14.95,15.22,14.21,14.31,4761600
PVT,2022-09-08,14.45,14.65,14.18,14.31,2363900
PVT,2022-09-09,14.51,14.78,14.14,14.78,1941800
PVT,2022-09-12,14.82,15.35,14.82,14.92,2016209
PVT,2022-09-13,14.95,15.09,14.68,14.85,1836710
PVT,2022-09-14,14.55,15.12,14.55,15.12,2707731
PVT,2022-09-15,15.22,15.62,15.05,15.09,6001877
PVT,2022-09-16,14.98,15.09,14.68,14.82,2063431
PVT,2022-09-19,14.95,14.95,13.97,13.97,3667640
PVT,2022-09-20,14.11,14.28,13.81,14.24,1752729
PVT,2022-09-21,14.14,14.55,14.11,14.51,1730003
PVT,2022-09-22,14.41,14.61,14.24,14.55,1491927
PVT,2022-09-23,14.61,14.68,14.34,14.34,1286381
PVT,2022-09-26,14.14,14.14,13.37,13.37,4031079
PVT,2022-09-27,13.4,13.77,13.33,13.4,1885015
PVT,2022-09-28,13.27,13.67,13.0,13.0,2098836
PVT,2022-09-29,13.4,13.44,12.86,12.86,1415504
PVT,2022-09-30,12.8,13.2,12.19,13.2,2428242
PVT,2022-10-03,13.13,13.13,12.29,12.29,2064668
PVT,2022-10-04,12.53,12.59,12.12,12.12,1742086
PVT,2022-10-05,12.49,12.73,12.36,12.59,1263239
PVT,2022-10-06,12.59,12.76,12.12,12.12,1833744
PVT,2022-10-07,12.05,12.32,11.42,12.09,2514939
PVT,2022-10-10,12.12,12.76,12.12,12.66,1800583
PVT,2022-10-11,12.69,12.76,11.79,11.82,2172780
PVT,2022-10-12,11.92,12.46,11.85,12.22,1110242
PVT,2022-10-13,12.36,12.59,12.22,12.46,1118038
PVT,2022-10-14,12.76,12.8,12.63,12.73,1288079
PVT,2022-10-17,12.36,13.0,12.26,13.0,1273511
PVT,2022-10-18,13.33,13.37,12.86,13.0,1788869
PVT,2022-10-19,13.03,13.13,12.8,12.9,878170
PVT,2022-10-20,12.96,13.0,12.66,12.66,992979
PVT,2022-10-21,12.8,12.83,11.79,11.79,2633210
PVT,2022-10-24,11.95,11.95,10.98,10.98,2257262
PVT,2022-10-25,11.08,11.52,10.64,11.01,1545913
PVT,2022-10-26,11.31,11.45,10.91,11.08,962498
PVT,2022-10-27,11.15,11.85,11.15,11.85,1769854
PVT,2022-10-28,11.99,12.09,11.52,11.52,1044908
PVT,2022-10-31,11.58,11.65,11.04,11.25,1778364
PVT,2022-11-01,11.52,11.72,11.42,11.62,1226503
PVT,2022-11-02,11.72,11.99,11.48,11.79,1363785
PVT,2022-11-03,11.65,11.89,11.52,11.58,988250
PVT,2022-11-04,11.65,11.72,11.11,11.45,1992807
PVT,2022-11-07,11.65,11.79,11.31,11.31,1819804
PVT,2022-11-08,11.25,11.75,11.25,11.68,1369962
PVT,2022-11-09,11.79,12.02,11.65,11.82,1360753
PVT,2022-11-10,11.65,11.75,11.01,11.04,2269156
PVT,2022-11-11,11.28,11.52,11.04,11.25,1843425
PVT,2022-11-14,11.11,11.21,10.47,10.47,2689264
PVT,2022-11-15,9.77,10.0,9.77,9.77,2624542
PVT,2022-11-16,9.09,10.44,9.09,10.44,4618575
PVT,2022-11-17,10.81,10.81,10.3,10.3,1098212
PVT,2022-11-18,10.1,11.01,9.77,10.64,2919713
PVT,2022-11-21,10.71,11.08,10.54,10.84,1521128
PVT,2022-11-22,10.74,11.58,10.74,11.31,1874894
PVT,2022-11-23,11.45,11.99,11.38,11.79,2021183
PVT,2022-11-24,11.52,11.92,11.48,11.82,1187514
PVT,2022-11-25,12.02,12.32,11.82,12.32,1549915
PVT,2022-11-28,12.46,12.9,12.46,12.86,1674782
PVT,2022-11-29,12.86,13.37,12.53,13.37,2694192
PVT,2022-11-30,13.47,13.6,13.23,13.54,1725775
PVT,2022-12-01,13.67,13.67,12.73,12.73,1837739
PVT,2022-12-02,12.59,13.47,12.59,13.47,1657000
PVT,2022-12-05,13.87,13.94,13.27,13.4,1952264
PVT,2022-12-06,13.0,13.94,12.86,12.86,3643969
PVT,2022-12-07,12.9,13.4,12.8,13.07,2098749
PVT,2022-12-08,13.47,13.57,12.83,13.27,1719244
PVT,2022-12-09,13.3,13.33,12.86,13.33,1211975
PVT,2022-12-12,13.37,13.7,12.96,13.13,2575751
PVT,2022-12-13,13.2,13.81,13.0,13.81,2119624
PVT,2022-12-14,14.01,14.21,13.74,14.14,5240073
PVT,2022-12-15,14.14,14.28,13.91,14.28,1601552
PVT,2022-12-16,14.11,14.45,13.97,14.28,1579260
PVT,2022-12-19,14.21,14.34,13.7,14.01,1966178
PVT,2022-12-20,13.81,14.28,13.33,14.28,3434372
PVT,2022-12-21,14.38,14.38,13.47,13.87,1416826
PVT,2022-12-22,14.14,14.48,13.81,14.48,1638131
PVT,2022-12-23,14.48,14.48,14.11,14.48,1395412
PVT,2022-12-26,14.45,14.45,13.57,13.57,1334201
PVT,2022-12-27,13.54,14.08,13.5,14.08,1685510
PVT,2022-12-28,14.08,14.82,14.08,14.55,3546290
PVT,2022-12-29,14.65,14.68,14.21,14.68,1162505
PVT,2022-12-30,14.61,14.82,14.48,14.82,1649734
PVT,2023-01-03,14.78,15.19,14.75,15.09,2365852
PVT,2023-01-04,15.02,15.83,15.02,15.15,2481972
PVT,2023-01-05,15.15,15.15,14.38,14.68,5128850
PVT,2023-01-06,14.58,14.68,13.67,13.67,5814908
PVT,2023-01-09,13.87,14.21,13.74,13.84,2236522
PVT,2023-01-10,13.74,14.14,13.6,14.01,1838528
PVT,2023-01-11,14.11,14.14,13.74,13.74,1319103
PVT,2023-01-12,13.87,14.01,13.7,13.94,1872932
PVT,2023-01-13,14.04,14.11,13.64,13.74,1221576
PVT,2023-01-16,13.74,13.81,13.37,13.37,2236551
PVT,2023-01-17,13.37,13.81,13.23,13.7,2161377
PVT,2023-01-18,13.81,13.87,13.67,13.74,2025945
PVT,2023-01-19,13.74,14.41,13.6,14.41,3561183
PVT,2023-01-27,14.61,14.61,14.14,14.14,3440640
PVT,2023-01-30,14.21,14.31,14.04,14.08,2721371
PVT,2023-01-31,14.08,14.41,13.84,14.41,2511470
PVT,2023-02-01,14.45,14.55,13.44,13.44,4311050
PVT,2023-02-02,13.47,13.67,12.66,12.8,2848476
PVT,2023-02-03,12.86,13.07,12.56,13.0,1854211
PVT,2023-02-06,12.96,12.96,12.53,12.9,1583940
PVT,2023-02-07,12.93,13.0,12.46,12.46,2499379
PVT,2023-02-08,12.69,13.0,12.53,12.86,1565844
PVT,2023-02-09,12.86,13.23,12.86,13.13,1155913
PVT,2023-02-10,13.13,13.13,12.73,12.73,1198351
PVT,2023-02-13,12.53,12.8,12.26,12.46,1506654
PVT,2023-02-14,12.53,13.0,12.53,12.96,1026753
PVT,2023-02-15,12.93,13.3,12.8,13.27,1597415
PVT,2023-02-16,13.47,13.87,13.33,13.74,2609667
PVT,2023-02-17,13.74,13.77,13.5,13.67,1476657
PVT,2023-02-20,13.77,14.01,13.67,13.94,1754726
PVT,2023-02-21,14.04,14.04,13.67,13.67,2070075
PVT,2023-02-22,13.4,13.94,13.33,13.33,2743457
PVT,2023-02-23,13.47,13.54,12.86,13.37,1723472
PVT,2023-02-24,13.37,13.5,13.03,13.03,1225412
PVT,2023-02-27,12.96,13.2,12.76,12.76,967738
PVT,2023-02-28,12.86,13.13,12.86,13.03,861464
PVT,2023-03-01,13.07,13.94,12.96,13.94,4046402
PVT,2023-03-02,14.14,14.34,14.01,14.18,4102238
PVT,2023-03-03,14.18,14.38,13.81,13.81,3209501
PVT,2023-03-06,14.01,14.48,14.01,14.01,2263814
PVT,2023-03-07,14.31,14.31,14.01,14.21,1515633
PVT,2023-03-08,14.04,14.55,14.04,14.48,2633183
PVT,2023-03-09,14.51,14.61,14.18,14.28,2347534
PVT,2023-03-10,14.21,14.21,13.81,13.97,2560583
PVT,2023-03-13,13.81,14.45,13.81,14.14,1606049
PVT,2023-03-14,14.14,14.28,13.33,13.33,3914880
PVT,2023-03-15,13.87,14.24,13.7,14.18,3103805
PVT,2023-03-16,14.01,14.04,13.7,13.77,2879775
PVT,2023-03-17,13.94,14.14,13.87,13.91,1637334
PVT,2023-03-20,13.84,13.87,13.4,13.4,2236316
PVT,2023-03-21,13.6,13.81,13.27,13.81,1356929
PVT,2023-03-22,13.91,13.94,13.67,13.67,1164866
PVT,2023-03-23,13.54,13.74,13.44,13.74,1904744
PVT,2023-03-24,13.74,13.97,13.67,13.81,1412810
PVT,2023-03-27,13.84,13.84,13.67,13.7,1280898
PVT,2023-03-28,13.94,14.01,13.74,13.74,1475531
PVT,2023-03-29,13.87,13.87,13.7,13.87,737668
PVT,2023-03-30,13.97,14.28,13.87,14.08,3052207
PVT,2023-03-31,14.08,14.21,13.94,13.94,1606710
PVT,2023-04-03,14.24,14.31,14.14,14.28,2704660
PVT,2023-04-04,14.34,14.95,14.24,14.82,5325242
PVT,2023-04-05,14.82,15.09,14.58,14.78,2705322
PVT,2023-04-06,14.88,14.88,14.28,14.38,3402650
PVT,2023-04-07,14.38,14.95,14.31,14.78,2993562
PVT,2023-04-10,14.98,15.12,14.55,14.55,2533682
PVT,2023-04-11,14.48,14.95,14.48,14.75,2792239
PVT,2023-04-12,14.88,14.92,14.68,14.68,2822343
PVT,2023-04-13,14.75,15.02,14.61,14.61,2929030
PVT,2023-04-14,14.75,14.75,13.94,13.94,2904119
PVT,2023-04-17,14.01,14.08,13.81,13.84,1855462
PVT,2023-04-18,13.87,13.97,13.77,13.97,1652501
PVT,2023-04-19,13.94,14.04,13.67,13.67,1998123
PVT,2023-04-20,13.67,13.87,13.5,13.64,2002648
PVT,2023-04-21,13.74,13.74,13.37,13.4,2466650
PVT,2023-04-24,13.37,13.87,13.37,13.6,1682333
PVT,2023-04-25,13.81,13.97,13.6,13.64,1614814
PVT,2023-04-26,13.64,13.87,13.64,13.87,1051024
PVT,2023-04-27,13.87,13.97,13.67,13.7,997168
PVT,2023-04-28,13.84,13.84,13.7,13.74,1463788
PVT,2023-05-04,13.67,13.67,13.5,13.54,1735426
PVT,2023-05-05,13.54,13.84,13.5,13.6,2361149
PVT,2023-05-08,13.74,13.94,13.74,13.81,2203805
PVT,2023-05-09,13.84,14.01,13.81,13.84,2313971
PVT,2023-05-10,13.84,13.91,13.74,13.81,2349275
PVT,2023-05-11,13.81,14.14,13.77,14.11,4140365
PVT,2023-05-12,14.14,14.18,13.97,14.01,1986559
PVT,2023-05-15,14.14,14.14,13.74,13.74,3724175
PVT,2023-05-16,13.84,14.08,13.74,13.77,1759723
PVT,2023-05-17,13.91,13.97,13.6,13.6,3223372
PVT,2023-05-18,13.64,13.74,13.57,13.67,1628667
PVT,2023-05-19,13.74,14.01,13.74,13.87,3813908
PVT,2023-05-22,14.04,14.11,13.94,14.01,2885364
PVT,2023-05-23,14.08,14.24,13.94,13.94,3515328
PVT,2023-05-24,14.04,14.24,13.94,13.94,3423111
PVT,2023-05-25,13.97,14.24,13.97,14.18,4948823
PVT,2023-05-26,14.34,14.41,14.14,14.14,2692885
PVT,2023-05-29,14.28,14.34,14.18,14.28,2924505
PVT,2023-05-30,14.34,14.55,14.28,14.34,3785142
PVT,2023-05-31,14.34,14.58,14.24,14.31,3900546
PVT,2023-06-01,14.31,14.34,14.08,14.21,2824087
PVT,2023-06-02,14.34,14.45,14.21,14.28,2554694
PVT,2023-06-05,14.45,14.88,14.31,14.58,5273688
PVT,2023-06-06,14.68,14.68,14.51,14.58,1966504
PVT,2023-06-07,14.58,14.72,14.45,14.48,2353979
PVT,2023-06-08,14.61,14.65,14.11,14.14,3650302
PVT,2023-06-09,14.18,14.21,13.94,13.94,2463418
PVT,2023-06-12,14.04,14.21,13.87,14.18,2466729
PVT,2023-06-13,14.28,14.31,14.01,14.18,1807699
PVT,2023-06-14,14.18,14.24,13.97,14.11,3190967
PVT,2023-06-15,14.11,14.18,14.01,14.18,1896578
PVT,2023-06-16,14.34,14.45,14.08,14.08,4560994
PVT,2023-06-19,14.18,14.24,14.04,14.08,1337395
PVT,2023-06-20,14.21,14.21,14.01,14.11,1406993
PVT,2023-06-21,14.21,14.48,14.14,14.48,3822894
PVT,2023-06-22,14.61,14.75,14.55,14.55,3396591
PVT,2023-06-23,14.58,14.58,14.28,14.31,3364883
PVT,2023-06-26,14.31,14.41,14.08,14.38,3535733
PVT,2023-06-27,14.65,15.35,14.55,15.35,9111536
PVT,2023-06-28,15.56,15.66,15.39,15.46,4929441
PVT,2023-06-29,15.42,15.93,15.32,15.42,7546677
PVT,2023-06-30,15.59,15.76,15.35,15.59,3947443
PVT,2023-07-03,15.99,15.99,15.52,15.62,3875163
PVT,2023-07-04,15.62,16.03,15.56,15.93,4789978
PVT,2023-07-05,16.06,16.06,15.79,15.79,3470797
PVT,2023-07-06,15.79,15.89,15.46,15.59,4427828
PVT,2023-07-07,15.49,15.69,15.42,15.52,4320972
PVT,2023-07-10,15.76,15.93,15.66,15.79,4259498
PVT,2023-07-11,15.89,16.03,15.59,15.79,3864538
PVT,2023-07-12,15.89,16.26,15.86,15.89,3893936
PVT,2023-07-13,15.96,15.99,15.86,15.96,2549432
PVT,2023-07-14,15.96,16.2,15.66,15.96,4508848
PVT,2023-07-17,15.99,16.23,15.76,16.06,3279717
PVT,2023-07-18,16.03,16.13,15.76,15.83,2105093
PVT,2023-07-19,16.06,16.43,15.96,15.96,6593646
PVT,2023-07-20,15.99,15.99,15.83,15.86,2527379
PVT,2023-07-21,15.89,16.03,15.86,16.03,3081115
PVT,2023-07-24,16.13,16.43,16.03,16.03,3841250
PVT,2023-07-25,16.16,16.3,15.83,16.1,3414176
PVT,2023-07-26,16.03,16.1,15.86,16.03,2325685
PVT,2023-07-27,16.03,16.1,15.59,15.69,5316287
PVT,2023-07-28,15.93,15.96,15.62,15.83,3941833
PVT,2023-07-31,16.1,16.23,15.79,15.89,4442949
PVT,2023-08-01,16.03,16.1,15.52,15.79,6409296
PVT,2023-08-02,15.76,15.86,15.52,15.69,3078900
PVT,2023-08-03,15.73,16.03,15.66,15.79,5033155
PVT,2023-08-04,16.03,16.1,15.76,15.93,3904527
PVT,2023-08-07,16.13,16.16,15.93,16.1,4160485
PVT,2023-08-08,16.16,16.6,16.16,16.4,6164879
PVT,2023-08-09,16.47,16.47,15.96,15.96,4684352
PVT,2023-08-10,16.03,16.13,15.66,15.69,4525141
PVT,2023-08-11,15.86,15.86,15.52,15.73,2552256
PVT,2023-08-14,15.83,15.93,15.73,15.83,2377084
PVT,2023-08-15,15.93,16.13,15.83,15.89,2757582
PVT,2023-08-16,15.89,16.13,15.83,15.83,2130435
PVT,2023-08-17,15.79,15.89,15.52,15.56,4413387
PVT,2023-08-18,15.56,15.79,14.48,14.48,5588496
PVT,2023-08-21,14.48,14.82,14.34,14.75,2269619
PVT,2023-08-22,14.85,14.85,14.21,14.72,2686053
PVT,2023-08-23,14.82,14.82,14.58,14.61,1786288
PVT,2023-08-24,14.61,14.78,14.58,14.78,1586513
PVT,2023-08-25,14.78,14.88,14.55,14.58,1780263
PVT,2023-08-28,14.68,14.75,14.58,14.65,1613750
PVT,2023-08-29,14.75,15.02,14.68,14.98,2295137
PVT,2023-08-30,14.98,15.02,14.75,14.98,1758812
PVT,2023-08-31,15.02,15.62,14.92,15.62,4926138
PVT,2023-09-05,15.93,15.99,15.56,15.99,4413355
PVT,2023-09-06,15.99,16.03,15.62,15.99,2965271
PVT,2023-09-07,15.96,16.03,15.76,15.86,3125659
PVT,2023-09-08,15.86,16.37,15.76,16.16,5443606
PVT,2023-09-11,16.23,17.27,16.23,17.0,15246922
PVT,2023-09-12,17.14,17.48,17.14,17.38,6184494
PVT,2023-09-13,17.51,18.15,17.27,17.58,7828551
PVT,2023-09-14,17.71,18.05,17.44,17.82,5014497
PVT,2023-09-15,18.05,18.33,17.61,17.71,4608430
PVT,2023-09-18,17.88,17.99,17.37,17.68,2709102
PVT,2023-09-19,17.75,18.12,17.37,18.05,4941672
PVT,2023-09-20,18.12,19.31,18.09,19.31,7046194
PVT,2023-09-21,19.35,19.55,18.8,19.14,4708438
PVT,2023-09-22,18.87,19.38,17.85,19.28,7352605
PVT,2023-09-25,19.11,19.49,17.95,17.95,5545114
PVT,2023-09-26,17.99,18.67,17.37,17.54,5114328
PVT,2023-09-27,17.85,18.39,17.17,18.36,4369841
PVT,2023-09-28,18.57,19.62,18.36,19.21,8711329
PVT,2023-09-29,19.35,19.45,18.94,19.28,2899443
PVT,2023-10-02,19.38,20.1,19.25,19.45,4552738
PVT,2023-10-03,19.08,19.18,18.12,18.12,9484267
PVT,2023-10-04,17.85,18.87,17.85,18.87,3769098
PVT,2023-10-05,18.63,19.08,18.05,18.19,4574487
PVT,2023-10-06,18.33,18.87,18.26,18.8,2551258
PVT,2023-10-09,19.18,19.72,19.08,19.14,4688942
PVT,2023-10-10,19.35,19.62,18.8,18.8,3679499
PVT,2023-10-11,18.91,19.76,18.77,19.69,5845666
PVT,2023-10-12,19.69,20.3,19.59,19.93,5942100
PVT,2023-10-13,19.76,20.4,19.69,20.4,3612975
PVT,2023-10-16,20.64,21.02,20.37,20.51,4034274
PVT,2023-10-17,20.58,20.64,19.08,19.08,7789872
PVT,2023-10-18,19.28,19.52,18.09,18.39,7163290
PVT,2023-10-19,18.43,19.08,18.33,18.36,3577952
PVT,2023-10-20,18.5,19.14,17.92,19.08,3569134
PVT,2023-10-23,18.94,19.01,18.33,18.74,2970397
PVT,2023-10-24,18.67,18.84,18.33,18.7,2221693
PVT,2023-10-25,18.74,19.11,18.53,18.74,2793669
PVT,2023-10-26,18.26,18.39,17.44,17.44,6802825
PVT,2023-10-27,17.44,17.51,16.56,17.17,4926696
PVT,2023-10-30,17.27,17.51,16.04,16.04,3487962
PVT,2023-10-31,16.25,16.25,14.95,14.95,9217202
PVT,2023-11-01,15.06,15.67,14.92,15.67,5278194
PVT,2023-11-02,15.87,16.69,15.77,16.59,7062202
PVT,2023-11-03,16.66,16.69,15.91,16.21,7313102
PVT,2023-11-06,16.32,16.42,16.11,16.32,2764500
PVT,2023-11-07,16.28,17.1,16.15,16.56,5598442
PVT,2023-11-08,16.49,17.54,16.45,17.44,4880183
PVT,2023-11-09,17.44,17.65,17.13,17.17,6081058
PVT,2023-11-10,17.03,17.41,16.76,16.76,6845812
PVT,2023-11-13,16.83,17.24,16.79,17.1,3836686
PVT,2023-11-14,17.34,17.68,17.2,17.24,3381116
PVT,2023-11-15,17.65,17.65,17.13,17.24,3962565
PVT,2023-11-16,17.24,17.48,17.13,17.44,2393577
PVT,2023-11-17,17.41,17.48,16.79,16.86,6285639
PVT,2023-11-20,16.59,17.0,16.32,16.86,6862927
PVT,2023-11-21,17.13,17.41,16.96,17.41,3729713
PVT,2023-11-22,17.41,17.44,17.13,17.44,3998971
PVT,2023-11-23,17.71,17.99,16.96,16.96,6888547
PVT,2023-11-24,17.13,17.17,16.42,17.17,4401929
PVT,2023-11-27,17.27,17.58,17.17,17.17,3296500
PVT,2023-11-28,17.27,17.44,16.9,17.41,4203111
PVT,2023-11-29,17.58,17.92,17.54,17.71,6182528
PVT,2023-11-30,17.78,17.95,17.54,17.85,4403597
PVT,2023-12-01,17.88,18.26,17.78,17.99,5142041
PVT,2023-12-04,18.26,18.5,18.19,18.26,5283405
PVT,2023-12-05,18.29,18.57,18.05,18.05,6557952
PVT,2023-12-06,18.05,18.39,18.02,18.39,4151608
PVT,2023-12-07,18.39,18.39,17.61,17.92,5565473
PVT,2023-12-08,17.92,18.02,17.71,17.71,2741612
PVT,2023-12-11,17.85,17.88,17.65,17.65,2478870
PVT,2023-12-12,17.85,17.99,17.65,17.99,2518034
PVT,2023-12-13,17.99,17.99,17.41,17.48,6116632
PVT,2023-12-14,17.65,17.65,17.2,17.24,3476809
PVT,2023-12-15,17.34,17.48,17.17,17.24,2481093
PVT,2023-12-18,17.3,17.37,17.17,17.17,1339695
PVT,2023-12-19,17.3,17.54,17.17,17.54,3015682
PVT,2023-12-20,17.65,18.02,17.61,18.02,4059631
PVT,2023-12-21,17.92,18.22,17.85,18.05,3400196
PVT,2023-12-22,18.19,18.26,17.82,18.12,3728434
PVT,2023-12-25,18.19,18.7,18.12,18.6,6507675
PVT,2023-12-26,18.67,18.67,18.26,18.29,3488371
PVT,2023-12-27,18.43,18.43,18.12,18.12,3077606
PVT,2023-12-28,18.09,18.26,17.95,17.95,5889514
PVT,2023-12-29,18.05,18.12,17.95,17.99,2743819
PVT,2024-01-02,18.09,18.26,17.92,18.19,3345722
PVT,2024-01-03,18.16,18.26,18.09,18.19,3369060
PVT,2024-01-04,18.22,18.46,18.12,18.12,4699242
PVT,2024-01-05,18.16,18.26,17.99,18.05,2874594
PVT,2024-01-08,18.16,18.16,18.02,18.02,3568819
PVT,2024-01-09,18.02,18.05,17.51,17.58,8051408
PVT,2024-01-10,17.68,18.19,17.61,17.82,4953639
PVT,2024-01-11,17.82,17.95,17.65,17.82,2318770
PVT,2024-01-12,17.88,18.22,17.75,17.78,6699859
PVT,2024-01-15,18.05,18.05,17.82,17.82,1764673
PVT,2024-01-16,17.92,17.99,17.75,17.95,1431904
PVT,2024-01-17,18.05,18.46,18.02,18.19,5343517
PVT,2024-01-18,18.19,18.26,18.09,18.16,1982744
PVT,2024-01-19,18.19,18.33,18.09,18.12,3400388
PVT,2024-01-22,18.19,18.19,17.95,18.02,2432495
PVT,2024-01-23,18.12,18.29,18.02,18.09,3249132
PVT,2024-01-24,18.16,18.46,18.09,18.22,5517887
PVT,2024-01-25,18.26,18.36,18.12,18.12,1843991
PVT,2024-01-26,18.26,18.33,18.09,18.09,1610230
PVT,2024-01-29,18.26,18.26,17.92,17.95,2214651
PVT,2024-01-30,17.95,18.12,17.95,18.05,1785379
PVT,2024-01-31,18.22,18.22,17.65,17.68,3693033
PVT,2024-02-01,17.65,17.95,17.65,17.82,1291519
PVT,2024-02-02,17.82,17.92,17.71,17.75,1995164
PVT,2024-02-05,17.78,18.09,17.78,17.92,2083643
PVT,2024-02-06,17.92,18.19,17.92,18.02,2154166
PVT,2024-02-07,18.16,18.36,18.05,18.22,2873551
PVT,2024-02-15,18.36,18.36,18.19,18.22,2558907
PVT,2024-02-16,18.29,18.74,18.19,18.74,5914303
PVT,2024-02-19,18.8,19.01,18.7,18.8,3476241
PVT,2024-02-20,18.94,18.94,18.46,18.5,3571983
PVT,2024-02-21,18.53,18.57,18.09,18.16,5916556
PVT,2024-02-22,18.19,18.39,18.16,18.16,2510948
PVT,2024-02-23,18.19,18.33,17.75,17.78,3708917
PVT,2024-02-26,17.78,18.05,17.75,17.95,2137702
PVT,2024-02-27,17.99,18.22,17.92,18.22,2641143
PVT,2024-02-28,18.33,18.94,18.26,18.39,6767422
PVT,2024-02-29,18.46,18.53,18.12,18.26,3308215
PVT,2024-03-01,18.19,18.5,18.16,18.46,2445000
PVT,2024-03-04,18.6,18.67,18.39,18.43,3430290
PVT,2024-03-05,18.39,18.5,18.26,18.26,3063667
PVT,2024-03-06,18.29,18.8,18.26,18.67,6720759
PVT,2024-03-07,18.74,18.97,18.6,18.6,3901374
PVT,2024-03-08,18.63,18.74,18.22,18.36,3768071
PVT,2024-03-11,18.36,18.39,17.82,18.09,3985258
PVT,2024-03-12,18.05,18.33,17.92,18.09,2076706
PVT,2024-03-13,18.22,18.39,18.09,18.39,3004885
PVT,2024-03-14,18.57,19.66,18.43,19.66,16638408
PVT,2024-03-15,19.83,20.06,19.49,19.83,5123256
PVT,2024-03-18,19.96,20.17,18.97,19.76,7656025
PVT,2024-03-19,19.76,19.83,19.35,19.42,3764349
PVT,2024-03-20,19.59,19.93,19.21,19.69,3546308
PVT,2024-03-21,19.89,20.2,19.62,19.83,6496349
PVT,2024-03-22,19.83,19.93,19.49,19.55,4635346
PVT,2024-03-25,19.66,20.0,19.28,19.45,5165615
PVT,2024-03-26,19.49,19.89,19.38,19.72,3336913
PVT,2024-03-27,20.03,20.03,19.59,19.83,2763387
PVT,2024-03-28,19.96,19.96,19.45,19.59,4617350
PVT,2024-03-29,19.66,19.83,19.49,19.52,2136282
PVT,2024-04-01,19.45,19.72,19.21,19.42,3181291
PVT,2024-04-02,19.59,20.3,19.42,20.3,7451846
PVT,2024-04-03,20.4,20.54,19.79,19.79,5536514
PVT,2024-04-04,19.79,19.89,19.55,19.55,3305288
PVT,2024-04-05,19.42,19.93,19.21,19.28,4525712
PVT,2024-04-08,19.52,19.52,19.08,19.08,3026059
PVT,2024-04-09,19.11,19.28,18.97,19.25,2124237
PVT,2024-04-10,19.28,19.35,18.91,18.91,2884866
PVT,2024-04-11,18.85,19.3,18.85,19.04,1777631
PVT,2024-04-12,19.26,19.33,19.04,19.33,1360746
PVT,2024-04-15,19.37,19.63,17.99,17.99,5126868
PVT,2024-04-16,17.99,18.81,17.61,18.81,5495621
PVT,2024-04-17,18.89,18.96,18.36,18.51,2490124
PVT,2024-04-19,18.36,18.81,17.87,18.14,2894012
PVT,2024-04-22,18.44,18.44,17.91,18.29,1044634
PVT,2024-04-23,18.21,18.85,18.17,18.29,2960133
PVT,2024-04-24,18.36,18.74,18.36,18.74,2216487
PVT,2024-04-25,18.74,18.81,18.4,18.44,1403357
PVT,2024-04-26,18.02,18.74,18.02,18.62,1781296
PVT,2024-05-02,18.59,19.19,18.4,19.19,3352881
PVT,2024-05-03,19.26,19.33,19.0,19.04,2069745
PVT,2024-05-06,19.19,19.6,19.04,19.56,4303988
PVT,2024-05-07,19.6,19.78,19.3,19.71,2816543
PVT,2024-05-08,19.86,21.06,19.56,21.06,7958786
PVT,2024-05-09,21.66,21.92,21.25,21.7,7900488
PVT,2024-05-10,21.73,22.45,21.43,22.3,7614320
PVT,2024-05-13,22.33,22.56,21.88,22.15,5729806
PVT,2024-05-14,22.15,22.33,21.77,22.11,3986672
PVT,2024-05-15,22.26,22.71,21.88,21.96,5850061
PVT,2024-05-16,22.11,22.59,21.92,22.03,6092009
PVT,2024-05-17,22.11,22.59,21.81,22.22,8390994
PVT,2024-05-20,22.48,22.78,21.85,21.85,7487959
PVT,2024-05-21,21.81,22.33,21.51,22.33,6263322
PVT,2024-05-22,22.41,22.45,21.51,21.73,8336512
PVT,2024-05-23,21.66,22.11,21.62,21.88,4599271
PVT,2024-05-24,21.81,23.23,21.73,21.96,13051172
PVT,2024-05-27,22.11,22.82,22.11,22.82,5819287
PVT,2024-05-28,23.16,23.16,22.63,22.82,5617277
PVT,2024-05-29,22.86,23.42,22.48,22.59,7676231
PVT,2024-05-30,22.41,23.19,22.07,23.16,8646142
PVT,2024-05-31,23.23,23.27,22.56,22.63,4123580
PVT,2024-06-03,22.78,23.01,22.52,22.86,4428108
PVT,2024-06-04,22.86,23.38,22.86,22.97,5752456
PVT,2024-06-05,22.97,23.34,22.52,22.63,6049005
PVT,2024-06-06,22.86,22.93,22.48,22.71,4573652
PVT,2024-06-07,22.93,23.38,22.78,22.93,5670508
PVT,2024-06-10,23.27,24.51,23.16,24.21,8629210
PVT,2024-06-11,24.43,24.43,23.49,23.61,5142424
PVT,2024-06-12,23.61,23.76,23.34,23.46,4219244
PVT,2024-06-13,23.57,23.76,23.31,23.53,3882607
PVT,2024-06-14,23.57,23.98,22.71,22.71,5637891
PVT,2024-06-17,22.78,22.97,22.59,22.59,3981493
PVT,2024-06-18,22.93,23.16,22.74,22.82,2356151
PVT,2024-06-19,22.86,23.08,22.63,22.71,3438300
PVT,2024-06-20,22.74,22.93,22.03,22.15,7219585
PVT,2024-06-21,22.33,22.48,21.96,22.41,3093468
PVT,2024-06-24,22.41,22.59,21.28,21.28,5596214
PVT,2024-06-25,21.4,22.18,21.32,21.81,3180417
PVT,2024-06-26,21.96,22.11,21.51,22.03,2917804
PVT,2024-06-27,21.88,22.18,21.73,21.81,2218686
PVT,2024-06-28,21.85,22.26,21.4,21.43,4206097
PVT,2024-07-01,21.47,22.11,21.43,22.11,2435367
PVT,2024-07-02,22.33,22.33,22.03,22.22,2535823
PVT,2024-07-03,22.26,22.59,22.15,22.41,3512576
PVT,2024-07-04,22.26,22.78,22.22,22.67,3347512
PVT,2024-07-05,22.71,23.04,22.52,22.56,3129279
PVT,2024-07-08,22.67,23.08,22.56,23.01,3785793
PVT,2024-07-09,23.08,23.23,22.78,22.86,2736448
PVT,2024-07-10,22.93,23.19,22.71,22.93,3304036
PVT,2024-07-11,23.08,23.12,22.63,22.63,2753931
PVT,2024-07-12,22.67,22.78,22.0,22.33,4427475
PVT,2024-07-15,22.48,23.01,22.26,23.01,3047700
PVT,2024-07-16,23.23,23.23,22.63,22.71,2553663
PVT,2024-07-17,22.82,22.82,21.28,21.66,5443118
PVT,2024-07-18,21.7,22.0,21.28,22.0,2764717
PVT,2024-07-19,21.96,21.96,21.32,21.36,2970137
PVT,2024-07-22,21.36,21.36,20.46,20.53,4681891
PVT,2024-07-23,20.8,20.83,20.35,20.35,2499049
PVT,2024-07-24,20.31,20.83,20.08,20.65,2497806
PVT,2024-07-25,20.53,20.68,20.38,20.68,1397380
PVT,2024-07-26,20.8,21.32,20.76,21.32,2235576
PVT,2024-07-29,21.4,21.73,21.28,21.32,1888894
PVT,2024-07-30,21.25,21.92,21.17,21.73,3647980
PVT,2024-07-31,21.92,21.92,21.32,21.32,1146131
PVT,2024-08-01,21.4,21.58,20.27,20.76,3898686
PVT,2024-08-02,20.53,21.17,20.27,21.17,2095803
PVT,2024-08-05,20.65,20.95,19.78,19.86,3565745
PVT,2024-08-06,20.23,20.61,19.82,20.53,2603909
PVT,2024-08-07,20.72,20.72,20.23,20.53,1394214
PVT,2024-08-08,20.53,21.21,20.5,20.95,2532297
PVT,2024-08-09,21.06,21.13,20.76,21.06,988664
PVT,2024-08-12,21.06,21.43,20.91,21.21,1613197
PVT,2024-08-13,21.32,21.36,20.76,20.98,1692698
PVT,2024-08-14,21.13,21.28,20.98,21.13,1089713
PVT,2024-08-15,21.13,21.25,20.83,20.83,1072484
PVT,2024-08-16,21.06,21.85,20.83,21.58,3915250
PVT,2024-08-19,21.66,21.88,21.47,21.66,1864677
PVT,2024-08-20,21.7,21.85,21.55,21.81,1845860
PVT,2024-08-21,22.0,22.37,21.85,22.11,2861990
PVT,2024-08-22,22.11,22.11,21.77,22.03,1570068
PVT,2024-08-23,21.85,21.96,21.58,21.58,1697204
PVT,2024-08-26,21.81,21.81,21.32,21.43,2969455
PVT,2024-08-27,21.62,21.66,21.4,21.55,979925
PVT,2024-08-28,21.66,21.66,21.28,21.43,1284699
PVT,2024-08-29,21.43,21.47,21.25,21.25,947733
PVT,2024-08-30,21.25,21.62,21.25,21.55,1375681
PVT,2024-09-04,21.21,21.4,21.1,21.17,964487
PVT,2024-09-05,21.21,21.32,21.02,21.02,1353027
PVT,2024-09-06,20.98,21.25,20.83,21.17,1338650
PVT,2024-09-09,21.13,21.21,21.02,21.02,888452
PVT,2024-09-10,21.1,21.21,20.61,20.72,1886099
PVT,2024-09-11,20.61,20.95,20.61,20.83,980153
PVT,2024-09-12,20.95,21.17,20.91,20.98,885510
PVT,2024-09-13,21.02,21.17,20.87,21.02,567575
PVT,2024-09-16,21.02,21.13,19.97,20.61,1191716
PVT,2024-09-17,20.65,20.76,20.31,20.68,1487404
PVT,2024-09-18,20.8,20.98,20.72,20.91,1001636
PVT,2024-09-19,20.91,21.1,20.91,20.99,650938
PVT,2024-09-20,21.21,21.4,21.14,21.14,1909915
PVT,2024-09-23,21.17,21.36,20.95,20.99,772824
PVT,2024-09-24,20.95,21.21,20.95,21.21,739419
PVT,2024-09-25,21.33,21.44,21.25,21.33,1547113
PVT,2024-09-26,21.4,21.67,21.4,21.59,1790469
PVT,2024-09-27,21.59,21.67,21.36,21.36,1486855
PVT,2024-09-30,21.4,21.4,21.17,21.17,1052868
PVT,2024-10-01,21.25,21.48,21.17,21.29,1359505
PVT,2024-10-02,21.48,21.67,21.4,21.44,1263031
PVT,2024-10-03,21.44,21.55,20.99,21.02,2150695
PVT,2024-10-04,21.17,21.36,21.02,21.02,1219820
PVT,2024-10-07,21.1,21.63,21.06,21.4,2173963
PVT,2024-10-08,21.55,22.12,21.48,22.12,6258684
PVT,2024-10-09,22.12,22.2,21.93,22.2,2387460
PVT,2024-10-10,22.27,22.31,21.97,22.01,1853797
PVT,2024-10-11,22.05,22.35,21.78,21.78,2777578
PVT,2024-10-14,21.93,22.08,21.67,21.97,2286439
PVT,2024-10-15,21.97,22.16,21.44,21.44,2736057
PVT,2024-10-16,21.52,21.52,21.21,21.29,1825252
PVT,2024-10-17,21.36,21.52,20.99,21.33,2217805
PVT,2024-10-18,21.33,21.44,21.17,21.17,1151945
PVT,2024-10-21,21.1,21.17,20.83,20.83,1927854
PVT,2024-10-22,20.91,20.95,20.64,20.72,1588738
PVT,2024-10-23,20.76,21.06,20.68,21.06,771605
PVT,2024-10-24,21.02,21.06,20.72,20.72,1238422
PVT,2024-10-25,20.53,20.83,20.53,20.68,966294
PVT,2024-10-28,20.8,20.87,20.64,20.68,939620
PVT,2024-10-29,20.76,20.95,20.72,20.83,1089533
PVT,2024-10-30,20.99,21.06,20.68,20.83,2182616
PVT,2024-10-31,21.29,21.4,21.1,21.29,2248167
PVT,2024-11-01,21.21,21.25,20.8,20.87,1181577
PVT,2024-11-04,20.76,20.99,20.76,20.83,1007538
PVT,2024-11-05,20.83,20.99,20.76,20.8,881492
PVT,2024-11-06,20.87,21.29,20.87,21.29,1252139
PVT,2024-11-07,21.33,21.36,21.02,21.17,1323259
PVT,2024-11-08,21.17,21.78,21.06,21.52,2673352
PVT,2024-11-11,21.78,22.05,21.55,21.67,3992480
PVT,2024-11-12,21.86,21.86,21.4,21.44,1448135
PVT,2024-11-13,21.44,21.44,20.83,21.29,2339309
PVT,2024-11-14,21.33,21.63,20.83,21.14,3285825
PVT,2024-11-15,21.06,21.1,20.8,20.87,1795276
PVT,2024-11-18,20.87,20.95,20.64,20.72,1294997
PVT,2024-11-19,20.8,20.95,20.15,20.15,2051160
PVT,2024-11-20,20.19,20.57,20.11,20.38,1458394
PVT,2024-11-21,20.38,20.64,20.34,20.49,1028911
PVT,2024-11-22,20.61,20.68,20.46,20.68,1276430
PVT,2024-11-25,20.68,20.76,20.57,20.57,1798758
PVT,2024-11-26,20.61,20.76,20.61,20.64,802778
PVT,2024-11-27,20.64,20.68,20.27,20.3,2669000
PVT,2024-11-28,20.49,20.53,20.27,20.3,1213795
PVT,2024-11-29,20.3,20.64,20.23,20.46,1336848
PVT,2024-12-02,20.49,20.57,20.3,20.38,1297626
PVT,2024-12-03,20.42,20.99,20.34,20.53,2272560
PVT,2024-12-04,20.53,20.64,20.42,20.42,1047182
PVT,2024-12-05,20.46,20.8,20.23,20.72,1647675
PVT,2024-12-06,20.72,20.91,20.61,20.61,1575611
PVT,2024-12-09,20.68,20.8,20.57,20.61,998539
PVT,2024-12-10,20.68,20.95,20.64,20.76,2032643
PVT,2024-12-11,20.76,20.95,20.61,20.72,1447929
PVT,2024-12-12,20.76,20.87,20.53,20.53,1511483
PVT,2024-12-13,20.61,20.61,20.46,20.46,938012
PVT,2024-12-16,20.49,20.61,20.34,20.42,1489124
PVT,2024-12-17,20.46,20.8,20.38,20.57,1065480
PVT,2024-12-18,20.64,21.14,20.61,20.99,2905259
PVT,2024-12-19,20.8,21.36,20.72,20.87,2526975
PVT,2024-12-20,20.99,21.4,20.91,21.06,2692688
PVT,2024-12-23,21.21,21.29,20.87,20.91,1433321
PVT,2024-12-24,20.95,21.59,20.87,21.59,5319834
PVT,2024-12-25,21.67,21.67,21.36,21.36,2109532
PVT,2024-12-26,21.36,21.44,21.17,21.21,2065175
PVT,2024-12-27,21.25,21.29,20.91,20.99,2394629
PVT,2024-12-30,20.99,21.29,20.91,21.17,1407090
PVT,2024-12-31,21.17,21.21,20.99,20.99,1069769
PVT,2025-01-02,21.02,21.17,20.99,21.17,647124
PVT,2025-01-03,21.06,21.52,21.02,21.02,2347493
PVT,2025-01-06,21.06,21.1,20.15,20.38,2730234
PVT,2025-01-07,20.38,20.49,19.7,20.0,3053956
PVT,2025-01-08,20.08,20.23,19.81,20.23,1506195
PVT,2025-01-09,20.23,20.23,19.92,20.0,868374
PVT,2025-01-10,20.0,20.3,19.58,19.58,1639502
PVT,2025-01-13,19.47,19.77,19.47,19.66,1334139
PVT,2025-01-14,19.85,19.85,19.62,19.66,766928
PVT,2025-01-15,19.66,20.19,19.66,20.08,1618649
PVT,2025-01-16,20.27,20.34,20.0,20.0,1048029
PVT,2025-01-17,20.11,20.42,20.0,20.23,1794877
PVT,2025-01-20,20.27,20.34,20.08,20.08,839123
PVT,2025-01-21,20.11,20.27,19.7,19.85,1759225
PVT,2025-01-22,19.92,20.08,19.77,19.77,891708
PVT,2025-01-23,19.85,20.04,19.77,19.96,806450
PVT,2025-01-24,20.0,20.04,19.77,19.77,1088343
PVT,2025-02-03,19.58,19.7,19.24,19.24,4104399
PVT,2025-02-04,19.55,19.74,19.39,19.74,1431786
PVT,2025-02-05,19.81,20.08,19.77,19.92,1815797
PVT,2025-02-06,20.0,20.27,19.89,20.19,1953865
PVT,2025-02-07,20.15,20.3,20.08,20.11,1959978
PVT,2025-02-10,20.04,20.04,19.58,19.62,2379300
PVT,2025-02-11,19.85,19.85,19.51,19.51,1473668
PVT,2025-02-12,19.62,19.77,19.55,19.58,504972
PVT,2025-02-13,19.58,19.7,19.51,19.51,1410316
PVT,2025-02-14,19.62,19.96,19.62,19.77,1668586
PVT,2025-02-17,19.92,20.0,19.74,19.77,1484804
PVT,2025-02-18,19.92,20.0,19.81,19.81,1151533
PVT,2025-02-19,19.81,19.96,19.77,19.85,1933090
PVT,2025-02-20,19.89,20.19,19.89,20.11,2576559
PVT,2025-02-21,20.15,20.19,19.96,20.0,1326987
PVT,2025-02-24,19.96,20.08,19.89,19.92,1564930
PVT,2025-02-25,19.96,20.11,19.92,19.96,1741150
PVT,2025-02-26,19.92,20.34,19.92,19.96,1991237
PVT,2025-02-27,20.04,20.11,19.92,20.04,1227938
PVT,2025-02-28,20.04,20.57,20.04,20.23,4053221
PVT,2025-03-03,20.3,20.34,20.15,20.19,1660376
PVT,2025-03-04,20.23,20.27,19.89,19.92,2565041
PVT,2025-03-05,19.92,19.96,19.7,19.7,2038237
PVT,2025-03-06,19.74,19.89,19.7,19.77,1272599
PVT,2025-03-07,19.96,19.96,19.7,19.74,2405755
PVT,2025-03-10,19.77,19.92,19.7,19.7,1252470
PVT,2025-03-11,19.62,19.77,19.55,19.77,1428131
PVT,2025-03-12,19.77,19.89,19.62,19.62,1705275
PVT,2025-03-13,19.7,19.77,19.39,19.39,2134948
PVT,2025-03-14,19.39,19.55,19.17,19.24,2596507
PVT,2025-03-17,19.32,19.43,19.17,19.24,1302176
PVT,2025-03-18,19.28,19.7,19.24,19.36,1125459
PVT,2025-03-19,19.36,19.47,19.24,19.32,766547
PVT,2025-03-20,19.39,19.43,19.17,19.24,919224
PVT,2025-03-21,19.39,19.43,19.09,19.17,904832
PVT,2025-03-24,19.13,19.21,18.86,18.94,1473875
PVT,2025-03-25,19.09,19.13,18.9,18.94,1498076
PVT,2025-03-26,19.05,19.62,19.05,19.32,1917726
PVT,2025-03-27,19.36,19.51,19.17,19.17,693609
PVT,2025-03-28,19.17,19.24,18.98,19.05,887247
PVT,2025-03-31,18.94,18.94,18.71,18.75,1596216
PVT,2025-04-01,18.9,18.94,18.75,18.79,769796
PVT,2025-04-02,18.79,18.98,18.75,18.75,1060875
PVT,2025-04-03,17.54,18.18,17.46,17.46,3048891
PVT,2025-04-04,16.25,16.44,16.25,16.29,5478692
PVT,2025-04-08,15.15,15.53,15.15,15.15,2240086
PVT,2025-04-09,14.09,14.55,14.09,14.09,6051274
PVT,2025-04-10,15.08,15.08,15.08,15.08,543086
PVT,2025-04-11,15.64,15.64,14.81,15.38,5929464
PVT,2025-04-14,15.49,16.44,15.46,16.44,2906009
PVT,2025-04-15,16.52,16.78,15.91,16.21,2516584
PVT,2025-04-16,16.33,16.33,15.27,15.46,2582286
PVT,2025-04-17,15.11,15.53,14.92,15.53,2427687
PVT,2025-04-18,15.61,16.33,15.61,16.02,2389344
PVT,2025-04-21,16.02,16.33,15.91,16.06,1319165
PVT,2025-04-22,15.91,15.99,14.96,15.61,3494819
PVT,2025-04-23,15.8,15.91,15.3,15.53,1740240
PVT,2025-04-24,15.61,15.95,15.57,15.68,1845225
PVT,2025-04-25,15.76,16.14,15.76,15.76,1725976
PVT,2025-04-28,15.87,16.21,15.76,15.87,1737022
PVT,2025-04-29,15.8,16.02,15.61,15.8,2095819
PVT,2025-05-05,15.95,16.52,15.76,16.4,3453400
PVT,2025-05-06,16.59,16.63,16.21,16.36,2582927
PVT,2025-05-07,16.4,16.59,16.33,16.52,2041492
PVT,2025-05-08,16.59,16.97,16.59,16.59,2401892
PVT,2025-05-09,16.82,16.89,16.59,16.67,1326847
PVT,2025-05-12,16.74,16.89,16.67,16.82,1330702
PVT,2025-05-13,17.01,17.05,16.74,16.86,1767079
PVT,2025-05-14,16.89,16.93,16.67,16.74,1753271
PVT,2025-05-15,16.89,16.97,16.67,16.71,3566205
PVT,2025-05-16,16.82,16.86,16.59,16.67,2011271
PVT,2025-05-19,16.59,16.74,16.52,16.63,1830424
PVT,2025-05-20,16.55,16.67,16.36,16.52,1511842
PVT,2025-05-21,16.59,16.74,16.44,16.48,1309763
PVT,2025-05-22,16.36,16.52,16.36,16.44,2726616
PVT,2025-05-23,16.48,16.52,16.33,16.36,971014
PVT,2025-05-26,16.4,16.74,16.06,16.71,2200968
PVT,2025-05-27,16.74,17.16,16.67,17.01,4403381
PVT,2025-05-28,17.16,17.54,17.05,17.05,3463232
PVT,2025-05-29,17.24,17.27,16.82,16.97,1539854
PVT,2025-05-30,16.89,16.93,16.59,16.63,2066343
PVT,2025-06-02,16.59,17.05,16.52,16.97,2236420
PVT,2025-06-03,17.27,17.77,17.27,17.42,5282812
PVT,2025-06-04,17.5,17.77,17.39,17.5,3066354
PVT,2025-06-05,17.5,17.61,17.42,17.58,1851053
PVT,2025-06-06,17.58,17.92,17.35,17.35,4822917
PVT,2025-06-09,17.42,17.42,16.97,17.05,1954406
PVT,2025-06-10,17.12,17.27,17.08,17.08,1042237
PVT,2025-06-11,17.46,17.73,17.35,17.54,2708828
PVT,2025-06-12,17.77,17.84,17.58,17.65,2586256
PVT,2025-06-13,17.88,18.37,17.88,18.03,7653025
PVT,2025-06-16,18.37,19.05,18.37,18.9,5240368
PVT,2025-06-17,18.75,18.75,18.18,18.26,4346225
PVT,2025-06-18,18.56,18.56,18.03,18.03,6277544
PVT,2025-06-19,18.5,18.55,18.05,18.25,3034296
PVT,2025-06-20,18.5,18.8,18.3,18.5,3846692
PVT,2025-06-23,19.5,19.5,18.95,19.1,5584291
PVT,2025-06-24,18.45,18.75,18.2,18.2,4536850
PVT,2025-06-25,18.2,18.25,17.85,17.85,3251131
PVT,2025-06-26,17.95,18.15,17.75,18.1,1924623
PVT,2025-06-27,18.15,18.15,17.85,17.85,1216821
PVT,2025-06-30,17.85,18.05,17.85,17.9,1477747
PVT,2025-07-01,17.9,17.95,17.65,17.7,2164478
PVT,2025-07-02,17.75,17.85,17.7,17.75,961700
PVT,2025-07-03,17.85,18.1,17.75,17.85,2476000
PVT,2025-07-04,18.0,18.0,17.8,17.9,1271000
PVT,2025-07-07,18.05,18.05,17.85,17.85,2032800
PVT,2025-07-08,17.95,18.0,17.8,17.9,2520700
PVT,2025-07-09,18.0,18.2,17.9,18.0,3035700
PVT,2025-07-10,18.0,18.4,18.0,18.25,4123900
PVT,2025-07-11,18.3,18.4,17.95,18.2,3502600
PVT,2025-07-14,18.1,18.2,17.95,18.15,2611600
PVT,2025-07-15,18.1,18.25,18.0,18.0,2695300
PVT,2025-07-16,18.0,18.15,17.95,18.05,1716000
PVT,2025-07-17,18.1,18.3,18.05,18.1,2823900
PVT,2025-07-18,18.15,18.45,18.05,18.3,4175000
PVT,2025-07-21,18.4,18.55,18.05,18.05,3158800
PVT,2025-07-22,18.05,18.1,17.85,18.0,3843600
PVT,2025-07-23,18.1,18.3,18.05,18.25,3425900
PVT,2025-07-24,18.3,18.55,18.25,18.35,4244700
PVT,2025-07-25,18.4,18.85,18.4,18.7,5255500
PVT,2025-07-28,18.75,18.9,18.55,18.65,4916000
PVT,2025-07-29,18.75,19.15,18.1,18.1,7596300
PVT,2025-07-30,18.35,18.45,17.9,18.05,3599400
PVT,2025-07-31,18.2,18.35,17.95,18.05,2906000
PVT,2025-08-01,18.0,18.65,17.9,18.3,7579200
PVT,2025-08-04,18.05,18.3,18.05,18.1,4774800
PVT,2025-08-05,18.25,18.35,17.8,18.0,8051300
PVT,2025-08-06,18.1,18.45,18.0,18.35,5711800
PVT,2025-08-07,18.5,18.55,18.15,18.2,5472600
PVT,2025-08-08,18.3,19.15,18.3,18.95,14913800
